Fuel (BTU),2024.0,2025.0,2026.0,2027.0,2028.0,2029.0,2030.0,2031.0,2032.0,2033.0,2034.0,2035.0,2036.0,2037.0,2038.0,2039.0,2040.0,2041.0,2042.0,2043.0,2044.0,2045.0,2046.0,2047.0,2048.0,2049.0,2050.0
electricity (not used in this variable),0.0,0.0,0.0,0.0,0.0,0.0,0.0,0.0,0.0,0.0,0.0,0.0,0.0,0.0,0.0,0.0,0.0,0.0,0.0,0.0,0.0,0.0,0.0,0.0,0.0,0.0,0.0
hard coal,498326000000000.0,498326000000000.0,497238000000000.0,432027000000000.0,417098000000000.0,404964000000000.0,414844000000000.0,403230000000000.0,387586000000000.0,382169000000000.0,361655000000000.0,361559000000000.0,357995000000000.0,354755000000000.0,358181000000000.0,354129000000000.0,346557000000000.0,336990000000000.0,344097000000000.0,347522000000000.0,347360000000000.0,345988000000000.0,350319000000000.0,355392000000000.0,358722000000000.0,365119000000000.0,358214000000000.0
natural gas,55543800000000.0,55543800000000.0,55716300000000.0,55625000000000.0,58425900000000.0,61300300000000.0,64944300000000.0,68136800000000.0,71829700000000.0,74897800000000.0,77694300000000.0,79922900000000.0,82259700000000.0,84074900000000.0,85538800000000.0,86873600000000.0,88339100000000.0,89557600000000.0,91194700000000.0,92654200000000.0,93242400000000.0,94433400000000.0,96824800000000.0,98316300000000.0,99534900000000.0,99831100000000.0,100113000000000.0
nuclear,0.0,0.0,0.0,0.0,0.0,0.0,0.0,0.0,0.0,0.0,0.0,0.0,0.0,0.0,0.0,0.0,0.0,0.0,0.0,0.0,0.0,0.0,0.0,0.0,0.0,0.0,0.0
hydro (is not a fuel),0.0,0.0,0.0,0.0,0.0,0.0,0.0,0.0,0.0,0.0,0.0,0.0,0.0,0.0,0.0,0.0,0.0,0.0,0.0,0.0,0.0,0.0,0.0,0.0,0.0,0.0,0.0
wind (is not a fuel),0.0,0.0,0.0,0.0,0.0,0.0,0.0,0.0,0.0,0.0,0.0,0.0,0.0,0.0,0.0,0.0,0.0,0.0,0.0,0.0,0.0,0.0,0.0,0.0,0.0,0.0,0.0
solar (is not a fuel),0.0,0.0,0.0,0.0,0.0,0.0,0.0,0.0,0.0,0.0,0.0,0.0,0.0,0.0,0.0,0.0,0.0,0.0,0.0,0.0,0.0,0.0,0.0,0.0,0.0,0.0,0.0
biomass,1280000000000.0,1280000000000.0,1280000000000.0,1280000000000.0,1280000000000.0,1280000000000.0,1280000000000.0,1280000000000.0,1280000000000.0,1280000000000.0,1280000000000.0,1280000000000.0,1280000000000.0,1280000000000.0,1280000000000.0,1280000000000.0,1280000000000.0,1280000000000.0,1280000000000.0,1280000000000.0,1280000000000.0,1280000000000.0,1280000000000.0,1280000000000.0,1280000000000.0,1280000000000.0,1280000000000.0
petroleum gasoline,291150000000000.0,291150000000000.0,284093000000000.0,285959000000000.0,288374000000000.0,290794000000000.0,292455000000000.0,292079000000000.0,294669000000000.0,293806000000000.0,292485000000000.0,293105000000000.0,292161000000000.0,292340000000000.0,293978000000000.0,292150000000000.0,294618000000000.0,295543000000000.0,296503000000000.0,296547000000000.0,296172000000000.0,295652000000000.0,293430000000000.0,294619000000000.0,294006000000000.0,294932000000000.0,293511000000000.0
petroleum diesel,172220000000000.0,172220000000000.0,168045000000000.0,169149000000000.0,170577000000000.0,172009000000000.0,172992000000000.0,172769000000000.0,174301000000000.0,173791000000000.0,173009000000000.0,173376000000000.0,172818000000000.0,172923000000000.0,173893000000000.0,172811000000000.0,174271000000000.0,174818000000000.0,175386000000000.0,175412000000000.0,175190000000000.0,174883000000000.0,173568000000000.0,174271000000000.0,173909000000000.0,174457000000000.0,173616000000000.0
biofuel gasoline,3033920000000.0,3033920000000.0,3042460000000.0,3021490000000.0,3034560000000.0,3023800000000.0,3029640000000.0,3018890000000.0,3014460000000.0,3008120000000.0,3014430000000.0,3018850000000.0,3037230000000.0,3034790000000.0,3036560000000.0,3039100000000.0,3046770000000.0,3054920000000.0,3084330000000.0,3096280000000.0,3106010000000.0,3108730000000.0,3108640000000.0,3131920000000.0,3150560000000.0,3158660000000.0,3172460000000.0
biofuel diesel,19219200000000.0,19219200000000.0,22829800000000.0,21950900000000.0,22589700000000.0,22893000000000.0,19000400000000.0,19886800000000.0,20274500000000.0,21193800000000.0,21557400000000.0,21862800000000.0,20538700000000.0,21497400000000.0,21291600000000.0,20969200000000.0,20640900000000.0,20278500000000.0,19918800000000.0,19543000000000.0,19151000000000.0,18742200000000.0,18316500000000.0,17936900000000.0,17476100000000.0,16997300000000.0,16500100000000.0
jet fuel or kerosene,61306700000000.0,61306700000000.0,59820800000000.0,60213700000000.0,60722100000000.0,61231800000000.0,61581600000000.0,61502400000000.0,62047800000000.0,61866000000000.0,61587800000000.0,61718400000000.0,61519600000000.0,61557200000000.0,61902200000000.0,61517300000000.0,62037000000000.0,62231700000000.0,62433900000000.0,62443100000000.0,62364100000000.0,62254600000000.0,61786700000000.0,62037100000000.0,61908100000000.0,62103100000000.0,61803800000000.0
heat (not used in this variable),0.0,0.0,0.0,0.0,0.0,0.0,0.0,0.0,0.0,0.0,0.0,0.0,0.0,0.0,0.0,0.0,0.0,0.0,0.0,0.0,0.0,0.0,0.0,0.0,0.0,0.0,0.0
geothermal (is not a fuel),0.0,0.0,0.0,0.0,0.0,0.0,0.0,0.0,0.0,0.0,0.0,0.0,0.0,0.0,0.0,0.0,0.0,0.0,0.0,0.0,0.0,0.0,0.0,0.0,0.0,0.0,0.0
lignite,0.0,0.0,0.0,0.0,0.0,0.0,0.0,0.0,0.0,0.0,0.0,0.0,0.0,0.0,0.0,0.0,0.0,0.0,0.0,0.0,0.0,0.0,0.0,0.0,0.0,0.0,0.0
crude oil,11832000000000.0,11832000000000.0,10751800000000.0,12633300000000.0,12769900000000.0,13014800000000.0,15690200000000.0,19809400000000.0,20924300000000.0,21235100000000.0,21151400000000.0,21556300000000.0,22179200000000.0,23072300000000.0,24198000000000.0,25050900000000.0,25903600000000.0,26880900000000.0,26961300000000.0,27101300000000.0,27162300000000.0,27063600000000.0,27446800000000.0,28165400000000.0,29458800000000.0,30370900000000.0,31107000000000.0
heavy fuel oil,11909000000000.0,11909000000000.0,11620400000000.0,11696700000000.0,11795500000000.0,11894500000000.0,11962400000000.0,11947000000000.0,12053000000000.0,12017700000000.0,11963600000000.0,11989000000000.0,11950400000000.0,11957700000000.0,12024700000000.0,11949900000000.0,12050900000000.0,12088700000000.0,12128000000000.0,12129800000000.0,12114400000000.0,12093200000000.0,12002300000000.0,12050900000000.0,12025900000000.0,12063700000000.0,12005600000000.0
LPG propane or butane,6790200000000.0,6790200000000.0,6934380000000.0,7677090000000.0,7603910000000.0,7624080000000.0,7664260000000.0,8037930000000.0,8393950000000.0,8731690000000.0,8972050000000.0,9155210000000.0,9254640000000.0,9410950000000.0,9577410000000.0,9721300000000.0,9960920000000.0,10173000000000.0,10289900000000.0,10342200000000.0,10298600000000.0,10191200000000.0,10101600000000.0,10121400000000.0,10185200000000.0,10221800000000.0,10199100000000.0
municipal solid waste,0.0,0.0,0.0,0.0,0.0,0.0,0.0,0.0,0.0,0.0,0.0,0.0,0.0,0.0,0.0,0.0,0.0,0.0,0.0,0.0,0.0,0.0,0.0,0.0,0.0,0.0,0.0
hydrogen,0.0,0.0,0.0,0.0,0.0,0.0,0.0,0.0,0.0,0.0,0.0,0.0,0.0,0.0,0.0,0.0,0.0,0.0,0.0,0.0,0.0,0.0,0.0,0.0,0.0,0.0,0.0
