,ISIC 01T03,ISIC 05,ISIC 06,ISIC 07T08,ISIC 09,ISIC 10T12,ISIC 13T15,ISIC 16,ISIC 17T18,ISIC 19,ISIC 20,ISIC 21,ISIC 22,ISIC 231,ISIC 239,ISIC 241,ISIC 242,ISIC 25,ISIC 26,ISIC 27,ISIC 28,ISIC 29,ISIC 30,ISIC 31T33,ISIC 351,ISIC 352T353,ISIC 36T39,ISIC 41T43,ISIC 45T47,ISIC 49T53,ISIC 55T56,ISIC 58T60,ISIC 61,ISIC 62T63,ISIC 64T66,ISIC 68,ISIC 69T82,ISIC 84,ISIC 85,ISIC 86T88,ISIC 90T96,ISIC 97T98
ISIC 01T03,1.1559418667372867,0.0013308199340251816,3.27479086319545e-4,0.0013308199340251812,6.596120182826062e-4,0.13611562376082117,0.01638384370210435,0.09354500410125648,0.01140047586437711,5.436409740198556e-4,0.011230863749458067,0.011230863749458064,0.009005382017236411,8.597488612572449e-4,8.597488612572447e-4,4.5224922897727274e-4,4.304258942265206e-4,3.980480319738941e-4,2.1734782330796884e-4,5.843072296765866e-4,5.737887177938748e-4,8.826560568216174e-4,3.0904344549836883e-4,0.004762911504672386,2.743719062907119e-4,2.7763972563226303e-4,5.689070981389932e-4,0.0020055594749637615,0.0010759073228597635,5.993669571815811e-4,0.014502677240790525,3.909382736599147e-4,4.196840323028023e-4,5.171500386341728e-4,3.029418170176122e-4,3.6137234991416215e-4,0.0011488320289172993,0.003017904849949436,0.0016959039608730698,0.0014415025079794288,0.001167965236170666,0
ISIC 05,0.002233015082880248,1.0319349113495666,0.014879864893434928,0.0319349113495658,0.007285556646043312,0.0013460986052274816,0.001456808916528175,8.339510269262511e-4,0.0033678179245589415,0.006646675551110562,0.005217339586201892,0.0052173395862018905,0.0019543527528359103,0.03658818337883302,0.036588183378832996,0.017667287238402173,0.02029888703877537,0.002843950382559865,3.36486210812108e-4,0.002097939852616176,0.0014961672952902374,0.0013985642990062544,6.25369893493484e-4,0.0011350044496157255,0.0053731794223923135,0.004347000256389132,0.001898493430787073,0.005399680353531816,2.5244695977216287e-4,5.878219557161643e-4,7.253730984452805e-4,3.2803139514527344e-4,4.4562509736317785e-4,4.613550326298123e-4,1.4822076849022123e-4,6.779569814171626e-4,5.574041538078679e-4,0.0016202242865425175,7.798868962827124e-4,3.823276701475874e-4,0.0011264272175138354,0
ISIC 06,0.0044755724896083475,0.005708458512781306,1.0109239905671001,0.005708458512781304,0.004080355284704147,0.0014388608834730561,0.0020778373446171897,0.002216183249725401,0.002128119186958773,0.2273893981655325,0.004974645532940876,0.0049746455329408735,0.002944672041992575,0.0017258453692799171,0.0017258453692799171,0.047159253944269876,0.004122295106419273,0.0024150541706317776,3.729729024734247e-4,0.001997671301527035,0.001508875156643483,0.0012203054073651545,5.430513373047391e-4,0.0015777142658944029,0.007801715478157628,0.006352372131047862,0.0037548388641998106,0.0035775479066266543,0.00067041278133237825,0.007718390342878944,9.405699406354997e-4,3.3141104269893883e-4,3.1553544631593075e-4,5.537302961596131e-4,4.8078998442067125e-4,3.6495531320001126e-4,7.626403857882889e-4,0.004516343879798454,8.765164669354801e-4,6.421757199896967e-4,7.518426306557234e-4,0
ISIC 07T08,7.987813626115175e-4,0.011423573534389862,0.005322740023646607,1.0114235735343902,0.0026061475848177073,4.815186813275696e-4,5.211213396319854e-4,2.983161836865878e-4,0.0012047165339057185,0.0023776106996575425,0.0018663168268876645,0.0018663168268876634,6.990998703511918e-4,0.013088115346326855,0.013088115346326848,0.006319840775879243,0.007261201580159589,0.001017321637993854,1.203659196183298e-4,7.504630250809749e-4,5.352003934004846e-4,5.002864087326669e-4,2.2370373558633664e-4,4.060072893304344e-4,0.0019220629602907466,0.001554984027959358,6.791181936832616e-4,0.0019315427215554045,9.03038801931627e-5,2.1027230239497005e-4,2.5947630914812417e-4,1.1734151139522352e-4,1.5940645686392732e-4,1.6503327919146246e-4,5.302068415464193e-5,2.4251488740948825e-4,1.9939142055846378e-4,5.795773495946918e-4,2.7897667260359484e-4,1.367640638282936e-4,4.029390910014979e-4,0
ISIC 09,1.9662812193585046e-4,0.006277793179931931,0.03592841258816631,0.006277793179931931,1.0148260127400046,7.326191718286629e-5,9.725385730126726e-5,1.003243376324931e-4,1.1990738141386206e-4,0.008712243003730738,2.380894617857717e-4,2.380894617857716e-4,1.3689727836971316e-4,3.668333299829837e-4,3.6683332998298354e-4,0.0019437502637660719,3.275092919642828e-4,1.2771586286095533e-4,2.161621768399995e-5,1.0052365745958608e-4,7.974683628759319e-5,6.564549581067181e-5,3.211611402338702e-5,7.735010062513963e-5,3.5683117833029183e-4,2.95677534099021e-4,1.6865389004356803e-4,1.8568613765570908e-4,3.7176256804584784e-5,3.109906234634052e-4,5.269542749352068e-5,2.1993283630784353e-5,2.3999350128712036e-5,3.0764526296287095e-5,2.6069035205311218e-5,6.129469296718034e-5,4.425599869995218e-5,2.1414111616845717e-4,5.1965137996426665e-5,3.520237683360067e-5,4.957569739381099e-5,0
ISIC 10T12,0.03954772295663801,0.0011204812218662894,8.957410468814247e-4,0.0011204812218662897,0.0011851096910579567,1.102106333977049,0.010386141121527423,0.004616104889514527,0.00402294447871632,0.001671564633902304,0.008041547134281223,0.00804154713428122,0.004742119130401314,0.003174517908173188,0.0031745179081731872,0.0010887818737294402,9.496198164091227e-4,9.195863620234003e-4,4.558431366681666e-4,8.788359757319346e-4,0.001085461805680127,0.0015455989940799156,7.390299066391626e-4,0.002389124559744666,7.812708283231688e-4,7.404506216970027e-4,0.001298564534721439,0.0013946513458107563,0.0019512756071649255,0.0016142003054352163,0.04149477621698197,7.841490044251853e-4,7.872358017410782e-4,0.0013221122369554235,7.435722904953302e-4,6.606518854686892e-4,0.0019288646467331251,0.009278655806940738,0.00847585979833664,0.00710724300036823,0.003708972459809199,0
ISIC 13T15,3.2940662743113436e-4,1.8340791896886082e-4,9.27665719444499e-5,1.8340791896886082e-4,1.5812787709200768e-4,3.8428631180973484e-4,1.0568226349985286,0.0017588362481161007,0.0091826344481524165,1.2461885245778465e-4,3.055360222457195e-4,3.055360222457194e-4,0.005254124562139155,8.735717549125764e-4,8.735717549125761e-4,1.2951962558019748e-4,1.3068987582914588e-4,1.3469873686634156e-4,8.042196299550098e-5,1.8935641270535362e-4,6.210143821893849e-4,0.002973754441765846,0.0014321176747533007,0.009544014313222242,6.933034359625159e-5,7.926245129689246e-5,8.800484666305245e-4,5.294420989775754e-4,0.001330647372986713,1.9114105682497453e-4,0.0013139964632052868,7.635854312061513e-4,0.001036711294987225,1.3148083441181005e-4,7.966753827962497e-5,7.451268576092823e-5,2.827495040997058e-4,0.0011582985613312541,2.2431349972412917e-4,0.0014088898530770079,0.0016188373343100932,0
ISIC 16,0.00109299538816411,0.0015536370249241288,2.930519222372815e-4,0.0015536370249241288,0.0017748525572111428,7.349330239376568e-4,0.0011017921031747553,1.123669559108902,0.009998508553595211,4.079095928778442e-4,5.305576126048132e-4,5.305576126048131e-4,0.004866938445276339,0.001222603774229491,0.0012226037742294905,0.0012138140181549859,0.0014062550536307944,7.483757395949263e-4,5.657037330226291e-4,0.002916700372889379,0.001942330515814402,0.003609957233826603,7.304892944757115e-4,0.026291908820673268,3.327591801444133e-4,3.782954167803945e-4,4.93729330804146e-4,0.014204298385010703,0.0013369843444126803,0.001435095967197442,0.0011386577337462104,5.563942855083603e-4,7.299778756439027e-4,7.608567697309759e-4,2.2605887457362582e-4,0.001203035343667591,6.254839639820497e-4,9.712864977412902e-4,3.7424309453824183e-4,9.82412533487446e-4,6.813123593854698e-4,0
ISIC 17T18,0.001805042900065299,0.002062114028422285,0.0013613045369439715,0.0020621140284222852,0.001743740406792602,0.012570823398148322,0.006529966300763483,0.004894149280435511,1.0969396958154263,0.0010589973915113016,0.004329877987071781,0.0043298779870717796,0.008528391172127415,0.005240272528085191,0.005240272528085189,0.002707264315419855,0.0031008521697965196,0.0030437460922275073,0.0012986957331194697,0.004492091602699679,0.0033306754805296694,0.004531707127918364,0.001550806472919546,0.007306308446453733,8.075110513569482e-4,9.64399678510958e-4,0.0022332788697942522,0.0019942117867042066,0.005518209196875792,0.0030889956472170952,0.005356974888201791,0.004814725115142561,0.0018334457270419709,0.004751524691210162,0.0032280935276138554,6.267888916236664e-4,0.004716299152793629,0.004524058922273992,0.0025855658744973176,0.0046242556866163504,0.0029907712049726913,0
ISIC 19,0.019741452236705884,0.024228913272453086,0.012645604362030462,0.024228913272453082,0.015773773725087346,0.006241895422089167,0.009073935170965504,0.009597840412958393,0.009192795125565482,1.0289845467302732,0.020743713788474696,0.020743713788474685,0.012782740252427125,0.007293447394851493,0.007293447394851492,0.015794132453850092,0.012644407868535008,0.007563566625491286,0.0013244002035538583,0.006804204644118867,0.004960963240392611,0.004017250199701461,0.0018500028028529568,0.006223855423946608,0.022694162728544087,0.018721664418980558,0.013360518482280799,0.01566773533221283,0.0028914612140704295,0.03404395413773405,0.004073211352089162,0.0013272657426136119,0.001306832197201704,0.0023732542771100597,0.0021066163835837576,0.0015598490849288373,0.003308860647862118,0.01905132649068177,0.003024505768442578,0.002779126531028099,0.00320236008741519,0
ISIC 20,0.018272431400755053,0.007266557797802632,0.007025321148275611,0.007266557797802631,0.006553373020785827,0.006567608481744781,0.057490752601879226,0.010534080815045135,0.014676392242929343,0.017489809625854242,1.0946815757254116,0.09468157572541089,0.07765550100873717,0.009744056220187838,0.009744056220187836,0.0058158974846945965,0.0030282967841204433,0.0058831377892748565,0.00284483221019522,0.006160016117348447,0.0040350690459854685,0.007751275603247792,0.002452368718749405,0.011842641423066045,0.0014424658324858493,0.0013267195965056512,0.004593277402562851,0.003964146443218253,0.0015127100266296863,0.0019876927368600245,0.0020788282106922315,0.001364158755601451,0.0015289311642483821,0.0013772630268583616,6.050687810323185e-4,0.0011714792921013867,0.0046418163310207065,0.004321448393477454,0.0012756226466959588,0.006955633293146742,0.0028355718191696018,0
ISIC 21,0.006090810466918349,0.0024221859326008783,0.0023417737160918704,0.0024221859326008783,0.0021844576735952736,0.00218920282724826,0.0191635842006264,0.003511360271681715,0.0048921307476431095,0.005829936541951414,0.03156052524180365,1.0315605252418039,0.02588516700291237,0.003248018740062614,0.0032480187400626137,0.0019386324948981984,0.0010094322613734812,0.0019610459297582845,9.482774033984067e-4,0.0020533387057828168,0.0013450230153284894,0.002583758534415931,8.174562395831352e-4,0.003947547141022014,4.808219441619499e-4,4.422398655018835e-4,0.0015310924675209505,0.0013213821477394178,5.042366755432286e-4,6.625642456200081e-4,6.929427368974104e-4,4.5471958520048347e-4,5.096437214161273e-4,4.5908767561945394e-4,2.0168959367743952e-4,3.904930973671289e-4,0.0015472721103402358,0.0014404827978258183,4.2520754889865275e-4,0.0023185444310489145,9.45190606389867e-4,0
ISIC 22,0.0037636890324092664,0.00906247322793078,0.0014416312406300947,0.00906247322793078,0.006422762996172544,0.010834127002744045,0.010359286067465709,0.007472272258138344,0.011581195398105702,0.0016116943420783594,0.0084953070683691009,0.008495307068369099,1.0371980231902314,0.005205184045337521,0.005205184045337518,0.002165265194136721,0.002297451771897109,0.004251359104882884,0.004362469898958361,0.008755697721163056,0.015129864102499361,0.021821867710575413,0.006398315827162056,0.018017414047091077,6.192375893288635e-4,9.654701274385785e-4,0.00252382212355679,0.009629619049957563,0.0036281347827126264,0.0027351516100199346,0.003925418744577763,0.0023225945747471846,0.00332511035654402,0.0019182962538461822,6.435166086464553e-4,6.122501584642481e-4,0.002112159284282817,0.0034975845560931583,0.0014911507937258794,0.004188033162073971,0.0026914483552023674,0
ISIC 231,1.4080374959350605e-4,8.698969818142049e-4,6.369884923620798e-4,8.698969818142049e-4,0.0012856764246980264,7.427570427611438e-4,2.4106928489628406e-4,0.0014517998838601655,3.9609492271597876e-4,6.834566174518322e-4,3.9756700377888837e-4,3.975670037788882e-4,0.0012908127807427223,1.0149443574480863,0.014944357448086101,0.0014423531643138693,0.0016235692399631924,9.299996156683525e-4,2.058855677459619e-4,0.0022159376095272592,9.972740300496672e-4,0.001968593658344493,3.120816845108291e-4,9.340552571885694e-4,1.3785169643015777e-4,1.4122667131211857e-4,4.298562411564687e-4,0.0053791307257974276,1.3084122451118165e-4,1.7042146749747864e-4,4.6796937786104854e-4,3.682995684677959e-4,5.888117634684838e-4,1.8940157272165296e-4,5.750215106616157e-5,1.9948447485833176e-4,2.852873208850266e-4,3.501956074068654e-4,1.2322013968836442e-4,4.4492618379748846e-4,3.362075122358522e-4,0
ISIC 239,4.2241124878051835e-4,0.002609690945442618,0.0019109654770862396,0.0026096909454426174,0.0038570292740940813,0.0022282711282834316,7.232078546888523e-4,0.004355399651580498,0.0011882847681479367,0.0020503698523554967,0.0011927010113366664,0.0011927010113366662,0.0038724383422281696,0.044833072344258346,1.044833072344258,0.004327059492941611,0.0048707077198895795,0.00278999884700506,6.176567032378863e-4,0.006647812828581782,0.002991822090149004,0.005905780975033482,9.362450535324875e-4,0.0028021657715657077,4.1355508929047364e-4,4.236800139363559e-4,0.0012895687234694064,0.016137392177392285,3.925236735335452e-4,5.11264402492436e-4,0.001403908133583146,0.001104898705403388,0.0017664352904054525,5.682047181649591e-4,1.725064531984848e-4,5.984534245749955e-4,8.558619626550799e-4,0.0010505868222205968,3.696604190650934e-4,0.001334778551392466,0.001008622536707557,0
ISIC 241,0.0011984549953817116,0.0019874398431501327,0.002245758828129014,0.0019874398431501323,0.0016528487241170113,7.85119430808896e-4,7.031099773105193e-4,0.0011371998865440662,0.001165973009525128,0.0018287140067852151,0.0011851178915958194,0.0011851178915958192,0.00150309677174747,0.0015452253586493696,0.0015452253586493699,1.024584362508646,0.030018158903442838,0.016772840073482273,0.0017074799797956637,0.011052917511206432,0.009181015026594574,0.007368369525843443,0.002850687708643624,0.004183079180154516,0.0011937958016205467,0.0010267401349265523,0.0013107341934092917,0.0016946401496270608,2.8330094055496063e-4,0.00192795851852741,3.399071183659546e-4,2.5437182678486917e-4,3.36351648281058e-4,3.1768800400026816e-4,1.4432851287936524e-4,1.747895046031142e-4,3.591236489540671e-4,0.0011363174065325862,2.9204259832551555e-4,2.8181788360632175e-4,4.7601507317766205e-4,0
ISIC 242,0.0022513272378130483,0.00569026542417874,0.009817872453387968,0.00569026542417874,0.005738667230720328,0.003013569017093241,0.0018975680475101701,0.0042369290158442525,0.004493124484343425,0.0036971717817132427,0.0019452614475345786,0.0019452614475345778,0.005577917160138479,0.0070790118145918155,0.007079011814591816,0.13567923013765149,1.1671950813696528,0.09330670954137327,0.00937114918313061,0.06106844457215703,0.05088488514085857,0.040830251842283116,0.015728454123419836,0.022272822899794553,0.0015458939028963382,0.0015127957247696785,0.004354991593470492,0.005999870828720148,9.404261813797075e-4,0.0030960515864948295,9.894288818277789e-4,0.0011362106648739447,0.0016054620642465874,0.0012544576259550509,3.334055680173983e-4,6.317572644444186e-4,0.0012740993560284464,0.00205792161193231,9.593661478898782e-4,9.578556622979013e-4,0.0019609758975189717,0
ISIC 25,0.003815199321061177,0.00601018494811772,0.013159244384862701,0.00601018494811772,0.005328258967626984,0.007429431109700227,0.0041762794325260815,0.012256542315202523,0.010476302278224065,0.004554071284356008,0.005661609066795619,0.005661609066795617,0.011895918659842113,0.005546240059047333,0.005546240059047334,0.007329058835835451,0.007991695075431153,1.0348422438894624,0.007478008440900849,0.023789729156892175,0.026426382950487902,0.019912883229530207,0.016095545038297507,0.015662971502869164,0.001647092235179056,0.0032052350335131773,0.009544443873345665,0.019166123287305357,0.0013852906370282955,0.0032919238647118898,0.0026642073579767134,0.004380558272401409,0.006746391718245744,0.0024993645629129775,4.945086677758696e-4,0.0010679230901725243,0.0018944608091964294,0.0032508166245972443,0.001181204724686446,0.0015760502186012173,0.0031127515042045305,0
ISIC 26,6.875910841971e-4,0.0012494253277119003,0.001007415369908158,0.0012494253277119003,0.001991445213322311,0.0023048579139306052,0.002707425969603867,0.005161723595879745,0.0013501872947210228,9.346178536103094e-4,0.0032169069981143714,0.0032169069981143705,0.0038287840535521254,0.0021738881402771446,0.0021738881402771455,0.0022126762594135655,0.0025178624270248916,0.006963822443114278,1.045938703188397,0.007359900575399906,0.008120448581072467,0.019117452091004128,0.021550229979180296,0.00487505813549354,5.513366298929767e-4,6.229228023455323e-4,0.004427477813494503,0.003125476974671303,0.0067387670056386255,0.0012691110430220716,0.0010008904015853097,0.009198280718906984,0.012992039231744865,0.008152607094935278,9.262845933667658e-4,4.0507342598507983e-4,0.004489942774942047,0.0032753833742864653,0.0014491974708297564,0.002227836095625241,0.0030067939412107914,0
ISIC 27,0.005909486626526755,0.002633864198100682,0.00185934570711147,0.0026338641981006818,0.005778353997370865,0.002940445997817823,0.001505919746727483,0.004712272185667469,0.0030469692537960723,0.0012367977158035867,0.001891691872691662,0.0018916918726916618,0.003906403773647041,0.0016527760729903515,0.0016527760729903517,0.005327124212679219,0.006303848799124057,0.0073326088651137575,0.00699553313093728,1.0532135483999847,0.029138659267413568,0.009880665367859847,0.005045168629224409,0.0038263105145693497,7.390297500915209e-4,7.824056464515157e-4,0.00715083638326305,0.015177285419395099,0.0014381640711607843,0.0014816825931088975,0.0016392127295002527,0.002938281574067386,0.004478204163542625,0.0036687849233141105,5.471881554216982e-4,9.444465152560374e-4,0.002341687055330557,0.002418946287444934,0.0014336107950605895,0.001556496952155645,0.003556344803792801,0
ISIC 28,0.005854643706979712,0.02525158505073637,0.017976612532491942,0.025251585050736367,0.028451309005749506,0.004764798973432522,0.0016202819092118667,0.0045669648859848365,0.007901395671277551,0.0048624718755656444,0.004644374878626257,0.004644374878626255,0.0059612971063825945,0.002818160800968675,0.002818160800968675,0.004107641511248561,0.0039273963948778376,0.009399504263539115,0.001622833355432587,0.011904013307154368,1.0579165514214066,0.039268802359015066,0.009375440076328304,0.003373967411961443,0.0030952419682536815,0.0028429275576584956,0.0225011359503842,0.01227078788833348,0.0015434156665226886,0.00934836011741664,0.001312399781631384,0.0012258721993481817,0.0016005567445542615,0.0029718779314388184,6.631274674195629e-4,6.517941433458147e-4,0.002406559689440804,0.002493725537122095,0.0035989514651918,0.0012593699743736915,0.004931329531193652,0
ISIC 29,0.00413460197670239,0.010044424266611871,0.00578755801022228,0.01004442426661187,0.008043836909727493,0.007067970531160806,0.009729990627375338,0.016703330333139515,0.008330050695547096,0.00254657409743004,0.0037201076513495093,0.0037201076513495085,0.005086440211658225,0.005415675003342452,0.005415675003342452,0.0043323443016756846,0.00475876641383706,0.006066312469332847,0.0038733933903459428,0.0071522253554305295,0.028334506400841074,1.1969297891490076,0.03386674660827823,0.008171759727346887,0.001833594374139505,0.0018807364480757085,0.010274934069756799,0.003820547423628275,0.006123057483490095,0.009139361783594764,0.00377379917538457,0.0030885586384546706,0.003523002645734821,0.0030469870283875086,0.0014749306111910745,0.0010802007591189284,0.007027988299496419,0.006656644780682466,0.0026117670710898637,0.003986120215087651,0.011179177282190757,0
ISIC 30,1.1650939199777939e-4,1.9268793506683126e-4,9.532435210255215e-5,1.9268793506683126e-4,1.1619020490795414e-4,1.593997939030504e-4,1.4961227234059133e-4,2.1472478854953444e-4,1.7320314991536907e-4,1.1163207877356974e-4,1.116942642088606e-4,1.1169426420886056e-4,1.4136997475969125e-4,2.26039995745077e-4,2.2603999574507703e-4,1.6105342663778205e-4,1.7285469619195848e-4,1.8115987200632562e-4,8.383570103252218e-5,9.038362696796725e-5,2.76305032961925e-4,4.921903475248513e-4,1.149076917438805,1.1798236783177185e-4,1.678062021508039e-4,1.6313598173579418e-4,3.792359527279541e-4,9.430043085451452e-5,2.0065985153685517e-4,0.003946226119090507,1.1990103936037958e-4,8.82573213685284e-5,8.705999381582427e-5,1.3881772053802793e-4,7.772376932787812e-5,5.1152234954956696e-5,2.4008369443267552e-4,0.005340575951588724,7.618882884907063e-5,1.1953963815672538e-4,1.7642207635072284e-4,0
ISIC 31T33,2.6609967568032945e-4,6.298609024104195e-4,3.1270674968881965e-4,6.298609024104195e-4,5.305125590639544e-4,2.378129423423266e-4,0.0013642573009469464,0.002894595925732314,3.7949197427079455e-4,2.2776966275498661e-4,4.685457295302479e-4,4.685457295302478e-4,0.0011225641011925107,4.3462454748908845e-4,4.346245474890885e-4,2.427122740691537e-4,2.462804038669545e-4,3.294364344363634e-4,3.336106474908512e-4,0.002302092825995517,0.003616302889631682,0.0026760513273594443,7.211017524821583e-4,1.0246466482293533,1.9838207758926876e-4,2.0842805905865635e-4,9.19834903939019e-4,0.005321338608546323,9.690671746759114e-4,4.5529084866309603e-4,9.20820980563361e-4,3.070461942093542e-4,3.915470737292631e-4,4.2571290718935176e-4,1.611014446066298e-4,8.441909374799733e-4,9.489032686262224e-4,0.0014443343046169278,6.71624960366693e-4,0.009478165066925845,0.0015979643266070902,0
ISIC 351,0.004014938720894407,0.00636902843226401,0.00606611310361766,0.006369028432264009,0.0013824298775612501,0.002229477257610737,0.002791198362744559,0.0031243064124986215,0.004490212554231575,0.008301509379206665,0.0032550582763334382,0.003255058276333437,0.0035599000645849766,0.004920211228993871,0.004920211228993872,0.004883504222464704,0.004067322512829746,0.0024939870365219105,7.91614323949978e-4,0.001472407874758543,0.0015401833314277573,0.0014079455701335257,0.0017173120663363274,0.0015550315404822528,1.010059137431254,0.008851178048165969,0.004663414145717743,0.0013891619678421054,0.0021026788736616497,0.0020038926252147642,0.003481035659488126,9.745729631769162e-4,0.0012832277554497371,8.580723353643565e-4,4.915293334085413e-4,0.0010851458095956872,9.25900375411705e-4,0.001864733878048996,0.0023149414872087617,0.0013820788161526688,0.0017602051257745446,0
ISIC 352T353,0.001441899167445465,0.002264381628954559,0.0028494094143584887,0.002264381628954559,5.187515452181743e-4,7.864531160196737e-4,9.864793890078177e-4,0.0011015283729462779,0.0015725997639697458,0.004388941108497085,0.0011774973400989824,0.0011774973400989822,0.001255168267937889,0.0017172196126188201,0.0017172196126188206,0.0020059213904527005,0.0014368827207096664,8.816460078495088e-4,2.7755355241651974e-4,5.254019276812643e-4,5.457708140556831e-4,4.964054842595802e-4,5.985980263751568e-4,5.530417379876626e-4,0.004004784915744131,1.0034777031097275,0.0017380808302070725,5.137654340946421e-4,7.362483073417757e-4,7.813504115889512e-4,0.0012141831123516332,3.42455000680035e-4,4.4879324626629464e-4,3.060488420184994e-4,1.7686461779645594e-4,3.7497697483308086e-4,3.3133815529992584e-4,7.256544479211956e-4,8.081892513126653e-4,4.85984258056742e-4,6.166963394053105e-4,0
ISIC 36T39,8.270180101071792e-4,0.0013135556083806643,0.0010856127309374333,0.001313555608380664,3.2150722114224905e-4,4.946081243675594e-4,6.000502144857302e-4,6.692660420237475e-4,9.520589545529704e-4,0.002102431377057174,7.17317571843472e-4,7.173175718434717e-4,7.630315795693966e-4,0.0010507523008054889,0.0010507523008054889,0.0011034808511234393,8.649425486024144e-4,5.409965342301265e-4,1.7130481142868504e-4,3.1947735857370857e-4,3.406071740613158e-4,3.033867463116634e-4,3.662572743742039e-4,3.48999216477901e-4,0.0019291205217754814,0.001730014938762715,1.0027745387530442,3.184175565103402e-4,4.7277871394684336e-4,4.6940486049038563e-4,7.74612710160434e-4,2.1229826009369973e-4,2.7476890747186355e-4,1.9740074526845567e-4,1.3196995467116204e-4,4.233269017630799e-4,2.4624532842227177e-4,5.536710208620672e-4,5.056575464590199e-4,3.5218667140055694e-4,4.248317375644194e-4,0
ISIC 41T43,0.005305125899861366,0.033421458949729366,0.002881982676887151,0.033421458949729366,0.020878825165037026,0.003802178736635433,0.0034799372499194586,0.004590176550941157,0.007058108249350278,0.015963453319293275,0.004209462519281189,0.004209462519281188,0.00489004910273107,0.009320390864576754,0.009320390864576759,0.008685453500121032,0.006947547890640595,0.005377491775792536,0.0021106025329598118,0.002644794667047415,0.0037371231561375397,0.0027718687029151864,0.002254073568152463,0.003395949475398949,0.012209955275006821,0.013522143542957941,0.005627730494177696,1.0018666051446707,0.005350388554988083,0.007407720383831437,0.006238797901139315,0.003189880746993024,0.0043406668597637,0.0022207333027809786,0.003783710650987033,0.03047164021354144,0.0033355981492168675,0.020562723867284066,0.008223099056675625,0.004112947260595542,0.007406662359814851,0
ISIC 45T47,0.03780570078682573,0.019866796218152967,0.011436530128419633,0.019866796218152967,0.01596807797858949,0.03472426705906317,0.023343777780670236,0.03820324078847096,0.028567879344842808,0.016959824727814814,0.028397325516133807,0.0283973255161338,0.02764852849815993,0.019771555423813546,0.01977155542381355,0.029918510475950462,0.033012900859672754,0.02142990572261094,0.011842980242477041,0.025818724713067908,0.03289552364666718,0.0441031720768843,0.016835060993336686,0.027846488210746867,0.011978757401595952,0.011184218561193046,0.017255592873206625,0.05780820175595591,1.0118666308262045,0.021233410136164897,0.02047288063907638,0.011001469805755892,0.011694182457121685,0.007248723181052583,0.004154162382885143,0.006168912166503112,0.011034201292329352,0.011247114806763709,0.0068745151351118925,0.011621327189392924,0.015182151361206568,0
ISIC 49T53,0.023458893524337648,0.024997598692879913,0.007855588476219161,0.024997598692879913,0.012460123097635245,0.03146576296995675,0.02133760060642847,0.037476056688538206,0.03286682100288599,0.018786024932019897,0.017070893253861498,0.017070893253861495,0.026719802438017557,0.04867629414193048,0.04867629414193049,0.03328116935766568,0.03674244902700538,0.01662872010161225,0.004424480024641333,0.013253113690916748,0.01374833543720592,0.014742368990187722,0.007414238251598158,0.018140248889530655,0.031319516913960024,0.029786611140356883,0.02902343911162006,0.01406413781147206,0.03485532447073539,1.1230360561419077,0.011842787983439072,0.0074361300383631295,0.005710113280948,0.01879020599211796,0.008840977304166518,0.005011464245738017,0.01680498747451915,0.017332769933614225,0.008223730029991444,0.01354785321548766,0.009313484519264713,0
ISIC 55T56,0.0018053893330809638,0.0018936696970589214,0.0015282759464067411,0.0018936696970589214,0.006420517572157957,0.002031136437831184,0.0019233663109644334,0.002959569726481429,0.0031598440708877442,0.0013641154500466904,0.0014996553677230286,0.001499655367723028,0.003261173729014703,0.003918529313789632,0.003918529313789634,0.0022576290019701815,0.0024709901248907967,0.0028020948692780265,7.910769647802252e-4,0.001415042080527383,0.0024204060172264403,0.001758006733607838,0.001232232095348291,0.002867181233727104,0.0063009886914834196,0.005516896476282671,0.008521129912503582,0.0015963387228107528,0.005757951038094429,0.006894016611581711,1.0133223603731882,0.0033459790617683684,0.003126146441376291,0.015376782762095547,0.009724155302502755,0.008517880478473856,0.013865060940702912,0.005902703802266049,0.006686941937988844,0.022826883946379616,0.0051308002333725206,0
ISIC 58T60,8.989420158330754e-4,0.001316095899694833,0.0013001911952884345,0.0013160958996948327,0.002260876639433826,0.0010459476442828545,0.0010455917882019059,0.0015108601310259565,0.0013715535942789034,6.412891395594681e-4,7.581613053738666e-4,7.581613053738666e-4,9.964444143563457e-4,0.0023192850784156216,0.0023192850784156224,8.583037822184107e-4,9.101244711696323e-4,0.0014662844210685945,5.867421751357785e-4,7.666470321283231e-4,0.00144323386228924,8.01875450041357e-4,0.0010928865465389688,0.0013455112432986776,0.0013759282812376963,0.0026643836348894333,0.0027199339195083465,0.0014784742165962154,0.0023187287180736617,0.0022137104274468807,0.003238001163297414,1.0256957466323307,0.03250123684103294,0.005276296841277059,0.002075807232989181,9.265903315182222e-4,0.003479440828427277,0.006888493003214527,0.002459169244872156,0.0022560786837850454,0.0025972417723142136,0
ISIC 61,0.0018954816490237697,0.003047572276616586,0.0029895646298195304,0.003047572276616586,0.005046472125839865,0.0023345515316255884,0.00234936682514126,0.003208190831529689,0.0029676095375764247,0.0014603994456384168,0.001746454295636407,0.0017464542956364063,0.0021956727335711813,0.005013698677213176,0.005013698677213177,0.0018995040825787479,0.00200435739813905,0.003191584372143308,0.0013117760691845593,0.0017177853469066378,0.0031847291266427044,0.0018009962781521036,0.0023033873052038132,0.0029369265468664266,0.0029120923976274408,0.005643616251970644,0.00588264584095262,0.0031292058576608793,0.004854318064024345,0.004756285246140272,0.00642588841931114,0.04168627603691856,1.060667667069364,0.010622490352537884,0.00435217437022195,0.002016792444142193,0.007011442966286169,0.013965251727465208,0.004606456535660403,0.0044618522209120435,0.0054303303698768155,0
ISIC 62T63,0.0016655407746511356,0.005223322831355436,0.008168373607867088,0.005223322831355436,0.0034182274563804467,0.002794787915151216,0.002965887861035577,0.004399265353467764,0.004053868407835286,0.003248303384079639,0.0019482978083139382,0.001948297808313938,0.003067619769519759,0.005431529587689096,0.005431529587689098,0.0030799337650727725,0.0030397289680669675,0.00518241959860054,0.001871524045260002,0.002601118190375075,0.005885869730609423,0.002569183878798332,0.005941662681001961,0.004613048590894167,0.006222605342828787,0.00567586032347996,0.007796082290990911,0.003507179560908244,0.0075528190103492585,0.004433799485084012,0.00814003151801466,0.015534016257499393,0.013429550050019027,1.0168652071706032,0.007882276569043046,0.001619243283286541,0.01197798337243943,0.012220807982182069,0.007088309212543348,0.005445649452920904,0.006479555591956733,0
ISIC 64T66,0.006154748963172281,0.014877008312191832,0.011498915533520553,0.014877008312191832,0.042486909793256915,0.004731052640287855,0.005955508197591039,0.004495239099165643,0.004195260807081762,0.004335113922607498,0.00408259222547993,0.004082592225479929,0.00459029209898347,0.006665890675024398,0.006665890675024401,0.007144654532857121,0.007815541659530785,0.007104297992284763,0.003581615477728588,0.006783092610203225,0.007229446311403946,0.00663636851006997,0.00402861555315767,0.008269854347796157,0.006359624234416993,0.009092830003811678,0.007424526610729933,0.0036011594302693605,0.009904375261993014,0.013147609445767596,0.01122217348614719,0.006932904060799694,0.007510944436458756,0.005684621558799998,1.0854420926053001,0.015365907896018476,0.0102798058584152,0.007852752217928432,0.006533468271929166,0.010965967856440719,0.00902645345356945,0
ISIC 68,0.014533187208815024,0.009320191429900317,0.011773521724778023,0.009320191429900317,0.016025309897687162,0.01307052608439273,0.016907649849717522,0.014523321209336443,0.019553521721047906,0.00618816914103734,0.011649204343002791,0.011649204343002787,0.017963668495664296,0.015272918842314425,0.01527291884231443,0.007908763124704166,0.008319621878502948,0.019598937277762154,0.011736027544489897,0.010399122384097924,0.012259393280728467,0.009817336324627142,0.008192987914932065,0.019812275354551278,0.022227971379720952,0.02060789619379022,0.031977040393291675,0.016747217561710482,0.06769081153599028,0.038703793047588496,0.06441771352824666,0.03376306228615227,0.03935764754759706,0.02733443443209518,0.03021125634236878,1.0384710177122183,0.05128408307673478,0.015726163166702,0.09831276327990267,0.07663629400658199,0.09095625673087841,0
ISIC 69T82,0.011154778158942091,0.058014642350054935,0.05826591920109048,0.058014642350054935,0.0612503831385955,0.030287297548242362,0.032258241734609484,0.020137277373750328,0.029143504342993422,0.026499004829937122,0.032867708087590444,0.03286770808759043,0.02443151367756051,0.03180329928546263,0.03180329928546264,0.024712537372865533,0.024285948764465153,0.034662273703312124,0.02140130185272805,0.023568519560370378,0.03802451053333332,0.026913343714098217,0.026765438263886263,0.03188916850778953,0.03290122154080492,0.034119600121428346,0.051308476923275684,0.025278342439608026,0.056054549340838714,0.05880554143650374,0.05479663632374569,0.04555309789801453,0.043523659437705906,0.06302876995553988,0.03436288582632902,0.021273844504685696,1.0648177710447142,0.02861992186148764,0.028599249368750933,0.051167816426911816,0.03884159863813315,0
ISIC 84,0.0037325623736528726,0.006697442124042536,0.005707602111410486,0.006697442124042535,0.005599459616331696,0.005292861340752632,0.00997059470060648,0.004836926097117688,0.006986942151937597,0.00545750574695227,0.005528938613164322,0.00552893861316432,0.005177021195873707,0.006593203000691424,0.006593203000691424,0.005074829676348776,0.004983450876370823,0.004634998531876483,0.0020053351864770027,0.0030829793934003726,0.004362130248371513,0.003383436539365974,0.003319230201081429,0.00528050224413118,0.007659009523869091,0.007621860515373351,0.013021450091978016,0.0029369858935565873,0.00742345027980848,0.008415792432614125,0.009067611834224132,0.005148320582252248,0.005293898634359121,0.006083890388897318,0.005319623175606995,0.003871319403239006,0.007343581896909058,1.0076110896530586,0.005547780056030762,0.008140990020977994,0.00712627948555056,0
ISIC 85,1.3705685124057581e-4,4.813559734442695e-4,4.938360649294994e-4,4.8135597344426946e-4,5.700658537409538e-4,2.7694172363928706e-4,2.882636186716228e-4,2.4503896247923427e-4,3.14628618474791e-4,2.44230626325094e-4,2.747702959950137e-4,2.7477029599501363e-4,2.6575429825730307e-4,3.4976926103641654e-4,3.4976926103641665e-4,2.5060515209785047e-4,2.5212731812883447e-4,3.413579478661405e-4,1.7632077181899722e-4,2.152122626365567e-4,3.6313127547573065e-4,2.477111434792734e-4,2.60890084318947e-4,3.1859709190385795e-4,4.417030149944208e-4,0.00042671186426274696,6.145126167290898e-4,2.4708000459366627e-4,7.239016323978419e-4,5.903812474785687e-4,7.080406925070075e-4,4.623199409859612e-4,4.2879415637708785e-4,8.985825867635716e-4,4.983583023908462e-4,3.348504374785965e-4,8.320566132055004e-4,8.166168247941822e-4,1.0013303289577022,8.379048692737824e-4,9.935695491901102e-4,0
ISIC 86T88,2.1095296419347916e-4,4.6767741153934747e-4,4.473159718969831e-4,4.676774115393476e-4,4.194678468260034e-4,3.025389363160423e-4,2.949310882683885e-4,3.0163068328611546e-4,3.1342556889122974e-4,2.6248806139123466e-4,2.7979536531070253e-4,2.797953653107025e-4,2.6741471172663016e-4,3.246769666276708e-4,3.246769666276709e-4,2.7817655904342433e-4,2.819227982233481e-4,3.2579636496032595e-4,1.6370810042022504e-4,2.3596262554343784e-4,3.829849771165759e-4,3.045509330760731e-4,2.8170510223168453e-4,0.00032251761905046765,3.41691173114948e-4,3.2801229416230815e-4,4.588398134242086e-4,3.510369234409539e-4,4.429847675557579e-4,4.3123014268290727e-4,4.954726102476196e-4,3.85898856443218e-4,3.3249229001752105e-4,6.352022583860062e-4,3.392645842765604e-4,2.1382464331602447e-4,6.155068348958756e-4,0.0036082841093445137,3.0842963214615306e-4,1.0110041675301902,4.7228646712246667e-4,0
ISIC 90T96,0.002351195653579745,0.0031237888646703732,0.0020120301903941503,0.0031237888646703732,0.006152306362598407,0.0037863857481641025,0.003530664584323534,0.004937401705943095,0.007135514507422427,0.003083539242305994,0.0039561879379289774,0.0039561879379289774,0.005209289183435468,0.00866582019778674,0.008665820197786741,0.00587656486322182,0.006543508393671685,0.005880928496243038,0.002140310701334983,0.002674743317031951,0.004270980451314393,0.003186569629910622,0.0025775621860286467,0.003936412547513303,0.003487653015878639,0.005236700792318938,0.024620764106577746,0.004923845451409007,0.009383700960054742,0.011565169564040847,0.01237390228280244,0.01840271477975461,0.02397777991058273,0.0068669343763604306,0.0067853812446932536,0.007767465930369285,0.012759477699064452,0.010475712251257598,0.009274305730619683,0.009590197398193492,1.0153686877958952,0
ISIC 97T98,0,0,0,0,0,0,0,0,0,0,0,0,0,0,0,0,0,0,0,0,0,0,0,0,0,0,0,0,0,0,0,0,0,0,0,0,0,0,0,0,0,1
