Pollutant:,NOX,Unit: grams,,,,,,,,,,,,,,,,,,,,,,,,,,,,,,,,,,
,2015.0,2016.0,2017.0,2018.0,2019.0,2020.0,2021.0,2022.0,2023.0,2024.0,2025.0,2026.0,2027.0,2028.0,2029.0,2030.0,2031.0,2032.0,2033.0,2034.0,2035.0,2036.0,2037.0,2038.0,2039.0,2040.0,2041.0,2042.0,2043.0,2044.0,2045.0,2046.0,2047.0,2048.0,2049.0,2050.0
agriculture and forestry 01T03,0.0,0.0,0.0,0.0,0.0,26952.380952380954,27137.84461152882,27323.30827067669,28894.138232720907,29504.250577994575,29815.644068553487,30059.573062501622,30294.785160396445,30509.2666156487,30745.17332705735,30975.626775455352,30920.509849284255,30938.947598118073,30808.475822298442,30749.99870440328,30685.018744508016,30660.190497858577,30624.182157734667,30625.33222080319,30625.52263567488,30624.847463077833,30612.570626915895,30657.531905730444,30688.02382254942,30734.67610394493,30815.55425797081,31078.350143563035,31344.303568124884,31619.268498709615,31855.09728495899,32099.878637086895
coal mining 05,0.0,0.0,0.0,0.0,0.0,715515428.5714287,728429142.8571428,736472894.9858088,825820046.2768195,738126112.7118071,772951403.4763571,885103310.0571117,929104592.451017,1009072641.594907,1099414102.5027254,1136883747.461267,1145376009.1842632,1113822603.8875756,1111231200.6492255,1120666761.0227675,1097893969.8027017,1093743973.3300004,1106921892.3119695,1116532037.799798,1146028764.9971802,1121568330.3819299,1098141347.0669055,1075320070.7764633,1075672409.4040937,1099662096.1170566,1105716442.020963,1113302000.797932,1132142578.7362337,1141579052.8973424,1144698542.9604328,1139976389.6960459
oil and gas extraction 06,0.0,0.0,0.0,0.0,0.0,1836385851.1545293,1869580108.8809946,1771412928.3174865,1777174065.7894738,1923032467.4369678,1956264356.7718954,1888342771.8470929,1925805883.2136643,1986275195.175228,2029111712.9002798,2084356315.192256,2123756884.315419,2156184672.251975,2171422112.759788,2177398948.207679,2192828646.5131025,2190056285.8735304,2195119775.9754786,2203439234.6209474,2205403842.557585,2241822083.6922398,2250110991.9187384,2269971645.849903,2275380000.24087,2285301390.7747774,2302008566.8834662,2320501376.311536,2328966298.862513,2319492949.5129504,2330098980.7450204,2351116732.516552
other mining and quarrying 07T08,0.0,0.0,0.0,0.0,0.0,0.0,0.0,0.0,0.0,0.0,0.0,0.0,0.0,0.0,0.0,0.0,0.0,0.0,0.0,0.0,0.0,0.0,0.0,0.0,0.0,0.0,0.0,0.0,0.0,0.0,0.0,0.0,0.0,0.0,0.0,0.0
food beverage and tobacco 10T12,0.0,0.0,0.0,0.0,0.0,0.0,0.0,0.0,0.0,0.0,0.0,0.0,0.0,0.0,0.0,0.0,0.0,0.0,0.0,0.0,0.0,0.0,0.0,0.0,0.0,0.0,0.0,0.0,0.0,0.0,0.0,0.0,0.0,0.0,0.0,0.0
textiles apparel and leather 13T15,0.0,0.0,0.0,0.0,0.0,0.0,0.0,0.0,0.0,0.0,0.0,0.0,0.0,0.0,0.0,0.0,0.0,0.0,0.0,0.0,0.0,0.0,0.0,0.0,0.0,0.0,0.0,0.0,0.0,0.0,0.0,0.0,0.0,0.0,0.0,0.0
wood products 16,0.0,0.0,0.0,0.0,0.0,0.0,0.0,0.0,0.0,0.0,0.0,0.0,0.0,0.0,0.0,0.0,0.0,0.0,0.0,0.0,0.0,0.0,0.0,0.0,0.0,0.0,0.0,0.0,0.0,0.0,0.0,0.0,0.0,0.0,0.0,0.0
pulp paper and printing 17T18,0.0,0.0,0.0,0.0,0.0,1702942205.7264051,1727528207.847296,1830233203.2832286,1896621712.8190885,1877500543.8257964,1875841667.9058905,1883174583.10678,1881634573.8119102,1889454348.9259903,1902396079.4951034,1912156830.826623,1931267275.3870404,1949791414.2527418,1960813522.9062338,1974928585.1316073,1988630936.217983,1992584949.6719625,2000231124.1322412,2019544356.5687814,2020567556.9114118,2038943190.5224242,2064692030.923866,2084478042.7476053,2099270222.563602,2107200433.997467,2114020405.5773525,2121275999.271418,2120911520.0850804,2123954826.2787795,2129843688.9772608,2136820703.0652022
refined petroleum and coke 19,0.0,0.0,0.0,0.0,0.0,872242032.1572131,874707927.6462708,877438264.4628099,811610525.9547222,1061898812.5720962,1115982452.7294066,1179218521.0834057,1227848363.9975262,1219824132.6140547,1194200098.442011,1187499412.3782392,1170708326.9415221,1200592760.5693505,1207378402.7297814,1205312589.2442164,1226615486.596942,1228712696.9049652,1242827274.5470424,1229201818.9788053,1230189418.9377062,1232327711.8910882,1219983447.3794992,1231133105.393196,1225973536.671656,1234149624.833519,1237981426.223339,1328894771.368257,1328316897.5733945,1271687867.9083407,1237147599.53564,1249626431.096147
chemicals 20,0.0,0.0,0.0,0.0,0.0,1155661355.4195175,139008183.13268802,101731145.77115436,113793283.27836046,203512023.93986028,109301359.99574745,50488152.27390214,88523865.03376478,127460060.12899733,162481945.82541263,189234318.66478702,208516806.192246,224167119.49442244,257676219.1642841,286916407.2910873,309713593.38692313,342810703.3537455,373105902.6723852,395785472.5117744,416309994.2290398,435128142.43172956,452485701.4109612,486361793.95532364,526495376.75729346,557319242.0978788,594276997.799551,607562661.5813444,619274718.9051622,627152043.0166086,646218845.197922,672058489.3075646
rubber and plastic products 22,0.0,0.0,0.0,0.0,0.0,0.0,0.0,0.0,0.0,0.0,0.0,0.0,0.0,0.0,0.0,0.0,0.0,0.0,0.0,0.0,0.0,0.0,0.0,0.0,0.0,0.0,0.0,0.0,0.0,0.0,0.0,0.0,0.0,0.0,0.0,0.0
glass and glass products 231,0.0,0.0,0.0,0.0,0.0,0.0,0.0,0.0,0.0,0.0,0.0,0.0,0.0,0.0,0.0,0.0,0.0,0.0,0.0,0.0,0.0,0.0,0.0,0.0,0.0,0.0,0.0,0.0,0.0,0.0,0.0,0.0,0.0,0.0,0.0,0.0
cement and other nonmetallic minerals 239,0.0,0.0,0.0,0.0,0.0,3081377458.437466,3224460046.723894,3074658924.603174,3205062225.0740376,3646565119.9363575,3318750466.550671,3072384498.725839,2919862274.650651,2795347931.991401,2757833728.988677,2715280906.7202816,2677316659.9736958,2643146393.8069706,2192795702.517204,2109016605.1639767,2015787233.9453986,1926892798.463506,1871633308.2411003,1824785673.8251166,1749031805.7994952,1700302809.8160021,1647363725.9073377,1601611957.4175105,1567332126.634303,1542037596.6520822,1502177103.5145183,1476634407.685205,1453695983.90694,1429292773.44474,1412024716.860642,1399152007.3827145
iron and steel 241,0.0,0.0,0.0,0.0,0.0,798334669.7701485,807551102.7058481,952572114.0142517,927249151.3761468,898884588.5830194,838842343.186925,754658002.3046607,723237497.630307,733287079.0740085,735665640.7766501,727169938.5061545,711487516.4257932,685050233.4958398,685060899.6824116,696720265.4460386,699911631.0585209,707270674.5207376,715070735.9186239,721760390.0213904,730421592.3123072,736645628.3876987,738792050.9623992,746125234.8536503,759863032.3740112,767815917.4449006,770232677.6437473,767968937.0271093,758948527.169271,748563918.5040964,748976099.2414838,755989667.423259
other metals 242,0.0,0.0,0.0,0.0,0.0,493820848.4848485,508882707.0707071,515989386.38743454,560488024.4988863,579220453.6110258,572786636.8461641,570237635.478327,582688796.3881745,603850847.7719097,621223416.5865844,635894534.4660033,644290476.3060554,645617683.9046122,645264520.9953295,646862698.0194423,650813494.6913627,656946689.1550572,663575440.4199326,668749791.5549765,672579833.5665166,679254713.7786229,684339091.5318799,688319040.2886983,694833907.9347057,701686573.6081208,705128289.819206,706242070.877532,707143525.5859388,708834513.6722825,710633889.161562,710459719.167177
metal products except machinery and vehicles 25,0.0,0.0,0.0,0.0,0.0,0.0,0.0,0.0,0.0,0.0,0.0,0.0,0.0,0.0,0.0,0.0,0.0,0.0,0.0,0.0,0.0,0.0,0.0,0.0,0.0,0.0,0.0,0.0,0.0,0.0,0.0,0.0,0.0,0.0,0.0,0.0
computers and electronics 26,0.0,0.0,0.0,0.0,0.0,0.0,0.0,0.0,0.0,0.0,0.0,0.0,0.0,0.0,0.0,0.0,0.0,0.0,0.0,0.0,0.0,0.0,0.0,0.0,0.0,0.0,0.0,0.0,0.0,0.0,0.0,0.0,0.0,0.0,0.0,0.0
appliances and electrical equipment 27,0.0,0.0,0.0,0.0,0.0,0.0,0.0,0.0,0.0,0.0,0.0,0.0,0.0,0.0,0.0,0.0,0.0,0.0,0.0,0.0,0.0,0.0,0.0,0.0,0.0,0.0,0.0,0.0,0.0,0.0,0.0,0.0,0.0,0.0,0.0,0.0
other machinery 28,0.0,0.0,0.0,0.0,0.0,0.0,0.0,0.0,0.0,0.0,0.0,0.0,0.0,0.0,0.0,0.0,0.0,0.0,0.0,0.0,0.0,0.0,0.0,0.0,0.0,0.0,0.0,0.0,0.0,0.0,0.0,0.0,0.0,0.0,0.0,0.0
road vehicles 29,0.0,0.0,0.0,0.0,0.0,0.0,0.0,0.0,0.0,0.0,0.0,0.0,0.0,0.0,0.0,0.0,0.0,0.0,0.0,0.0,0.0,0.0,0.0,0.0,0.0,0.0,0.0,0.0,0.0,0.0,0.0,0.0,0.0,0.0,0.0,0.0
nonroad vehicles 30,0.0,0.0,0.0,0.0,0.0,0.0,0.0,0.0,0.0,0.0,0.0,0.0,0.0,0.0,0.0,0.0,0.0,0.0,0.0,0.0,0.0,0.0,0.0,0.0,0.0,0.0,0.0,0.0,0.0,0.0,0.0,0.0,0.0,0.0,0.0,0.0
other manufacturing 31T33,0.0,0.0,0.0,0.0,0.0,191370222.93635792,192968632.64020163,209813509.36039004,228123977.3976461,224407135.44506416,218335336.08944967,215245169.01667425,214804841.06149864,215572624.60818744,218803566.92911014,222760886.63949677,226609274.2990096,233122133.99765736,238693298.0527849,244459996.24156174,249382721.3330856,252338515.31697705,256133596.00131053,261689018.89791566,265101899.67927018,270224463.52107644,275223069.9707957,279452869.1639509,282802357.4820339,286099112.5404109,289912601.48809034,296517726.4701206,300635599.71777844,304205924.6030307,308144385.6714518,312180163.5155065
energy pipelines and gas processing 352T353,0.0,0.0,0.0,0.0,0.0,49003389.89513823,48814383.2221163,56321148.28309595,61587042.735042736,70726481.75970322,72037595.90495765,72448543.81881939,77192520.01975287,83155721.9809182,84091720.07783295,85436909.67460491,84446159.21061115,82694248.98559389,79727219.49618267,77739165.61260928,76928631.83957839,76849082.1200461,76917318.5288005,75969508.23314142,76313235.98700756,75944287.2881494,75166982.67566587,75094880.8185945,75522137.71026962,75888877.39694664,76300640.39520033,76558174.40963686,76048759.75573526,75733896.97059636,76109035.56840019,76957600.06292157
water and waste 36T39,0.0,0.0,0.0,0.0,0.0,0.0,0.0,0.0,0.0,0.0,0.0,0.0,0.0,0.0,0.0,0.0,0.0,0.0,0.0,0.0,0.0,0.0,0.0,0.0,0.0,0.0,0.0,0.0,0.0,0.0,0.0,0.0,0.0,0.0,0.0,0.0
construction 41T43,0.0,0.0,0.0,0.0,0.0,0.0,0.0,0.0,0.0,0.0,0.0,0.0,0.0,0.0,0.0,0.0,0.0,0.0,0.0,0.0,0.0,0.0,0.0,0.0,0.0,0.0,0.0,0.0,0.0,0.0,0.0,0.0,0.0,0.0,0.0,0.0
