Pollutant:,PM25,Unit: grams,,,,,,,,,,,,,,,,,,,,,,,,,,,,,,,,,,
,2015.0,2016.0,2017.0,2018.0,2019.0,2020.0,2021.0,2022.0,2023.0,2024.0,2025.0,2026.0,2027.0,2028.0,2029.0,2030.0,2031.0,2032.0,2033.0,2034.0,2035.0,2036.0,2037.0,2038.0,2039.0,2040.0,2041.0,2042.0,2043.0,2044.0,2045.0,2046.0,2047.0,2048.0,2049.0,2050.0
agriculture and forestry 01T03,0.0,0.0,0.0,0.0,0.0,512095.2380952381,515619.04761904763,519142.8571428571,548988.6264216972,560580.7609818969,566497.2373025161,571131.8881875308,575600.9180475324,579676.0656973254,584158.2932140897,588536.9087336517,587489.6871364008,587840.0043642436,585361.0406236703,584249.9753836624,583015.3561456521,582543.619459313,581859.4609969589,581881.3121952607,581884.9300778228,581872.101798479,581638.8419114018,582493.1062088782,583072.452628439,583958.8459749538,585495.5309014452,590488.6527276977,595541.7677943727,600766.1014754827,605246.8484142207,609897.694104651
coal mining 05,0.0,0.0,0.0,0.0,0.0,8390251885.714286,8541680228.571428,8636002592.242195,9683702019.352125,8655388495.870779,9063755597.180109,10378867344.741385,10894833636.784037,11832552165.741568,12891911031.354544,13331286265.929323,13430867927.051023,13060867494.18851,13030480272.559162,13141123209.18311,12874085704.682861,12825422161.81516,12979948612.501217,13092638762.959923,13438522249.336107,13151695160.134485,12876986491.269133,12609380442.8397,12613512023.678968,12894819045.364023,12965813303.6408,13054762816.52514,13275690539.761515,13386344191.609121,13422923846.413448,13367551098.672344
oil and gas extraction 06,0.0,0.0,0.0,0.0,0.0,37306509.94671403,37980857.28241563,35986573.29474989,36103611.84210526,39066751.59209465,39741863.420712866,38362024.166342296,39123094.03406817,40351539.01840887,41221770.605952166,42344074.67054304,43144504.342213266,43803280.70582143,44112832.059372656,44234252.55003174,44547709.65543483,44491388.64876237,44594254.36390315,44763265.66755339,44803177.032304674,45543020.17271968,45711410.83909561,46114883.607612886,46224755.303016715,46426310.14205328,46765719.43955381,47141404.20015968,47313370.629299626,47120917.82777323,47336381.266138114,47763360.686083674
other mining and quarrying 07T08,0.0,0.0,0.0,0.0,0.0,0.0,0.0,0.0,0.0,0.0,0.0,0.0,0.0,0.0,0.0,0.0,0.0,0.0,0.0,0.0,0.0,0.0,0.0,0.0,0.0,0.0,0.0,0.0,0.0,0.0,0.0,0.0,0.0,0.0,0.0,0.0
food beverage and tobacco 10T12,0.0,0.0,0.0,0.0,0.0,0.0,0.0,0.0,0.0,0.0,0.0,0.0,0.0,0.0,0.0,0.0,0.0,0.0,0.0,0.0,0.0,0.0,0.0,0.0,0.0,0.0,0.0,0.0,0.0,0.0,0.0,0.0,0.0,0.0,0.0,0.0
textiles apparel and leather 13T15,0.0,0.0,0.0,0.0,0.0,0.0,0.0,0.0,0.0,0.0,0.0,0.0,0.0,0.0,0.0,0.0,0.0,0.0,0.0,0.0,0.0,0.0,0.0,0.0,0.0,0.0,0.0,0.0,0.0,0.0,0.0,0.0,0.0,0.0,0.0,0.0
wood products 16,0.0,0.0,0.0,0.0,0.0,0.0,0.0,0.0,0.0,0.0,0.0,0.0,0.0,0.0,0.0,0.0,0.0,0.0,0.0,0.0,0.0,0.0,0.0,0.0,0.0,0.0,0.0,0.0,0.0,0.0,0.0,0.0,0.0,0.0,0.0,0.0
pulp paper and printing 17T18,0.0,0.0,0.0,0.0,0.0,738840668.0805938,749507582.1845175,794067301.9377376,822870704.9971071,814574770.3341572,813855048.3208063,817036516.2225266,816368365.8340716,819761063.396032,825375979.0564984,829610791.0251595,837902072.7720428,845938979.1856192,850721045.2438909,856845024.0668515,862789943.510911,864505436.8095763,867822815.7714087,876202079.323763,876646006.3238616,884618482.0590397,895789906.6561456,904374290.873851,910792044.7946057,914232656.3985199,917191577.9294026,920339499.0239757,920181365.6213095,921501738.3114487,924056687.7605553,927083743.9534242
refined petroleum and coke 19,0.0,0.0,0.0,0.0,0.0,200920225.54711926,201488242.5189817,202117173.33035514,186953808.59821633,244607506.935355,257065628.39499304,271632004.0659474,282833847.87352145,280985472.85836405,275082997.9311456,273539500.4778942,269671687.93418723,276555542.3272176,278118609.34656763,277642750.9309494,282549855.5912592,283032946.23877776,286284227.4414674,283145615.10105795,283373107.9289395,283865661.9295956,281022170.88187826,283590485.3178896,282401982.96070105,284285338.0582671,285167990.3165978,306109803.6417181,305976690.8944289,292932241.0819411,284975919.03364724,287850407.4889912
chemicals 20,0.0,0.0,0.0,0.0,0.0,465503873.2445085,434475890.00290585,411341018.0115,447267816.9395548,487196353.04674363,445339398.49512345,415911509.01775306,427999941.59123987,441922439.5559131,456191843.30453694,469632296.03072244,479302011.1045893,488956706.0746517,501431268.75829405,511377715.0295763,520317626.04456383,532186891.1876345,543608633.8696748,553050755.1559069,559365487.1156374,567266232.6959505,575900523.765611,592541442.4380538,608723969.47441,621150609.6970958,634942748.2540606,641679617.840542,643905247.2559475,646208578.415061,655361588.2420866,667043253.3062731
rubber and plastic products 22,0.0,0.0,0.0,0.0,0.0,0.0,0.0,0.0,0.0,0.0,0.0,0.0,0.0,0.0,0.0,0.0,0.0,0.0,0.0,0.0,0.0,0.0,0.0,0.0,0.0,0.0,0.0,0.0,0.0,0.0,0.0,0.0,0.0,0.0,0.0,0.0
glass and glass products 231,0.0,0.0,0.0,0.0,0.0,0.0,0.0,0.0,0.0,0.0,0.0,0.0,0.0,0.0,0.0,0.0,0.0,0.0,0.0,0.0,0.0,0.0,0.0,0.0,0.0,0.0,0.0,0.0,0.0,0.0,0.0,0.0,0.0,0.0,0.0,0.0
cement and other nonmetallic minerals 239,0.0,0.0,0.0,0.0,0.0,206033494.51265892,215600581.3321743,205584265.87301585,214303563.6722606,243824252.22564086,221905224.29072562,205432188.46028787,195233928.999732,186908390.9956859,184400038.01304677,181554782.3468425,179016337.59956825,176731573.90485084,146619285.50975314,141017472.54538023,134783775.63467392,128839930.24990502,125145054.81543496,122012630.45049816,116947417.12863396,113689197.23769481,110149473.65591334,107090323.36704436,104798233.73413445,103106938.04751809,100441702.5140906,98733813.44435745,97200056.6510418,95568358.23152892,94413745.3710622,93553023.38767739
iron and steel 241,0.0,0.0,0.0,0.0,0.0,313017531.5682281,316631185.3360489,373492199.5249406,363563366.9724771,352441959.16480535,328900108.6660535,295892429.5842324,283572823.3010356,287513144.69244784,288445750.45421183,285114686.6105048,278965795.3816933,268600051.0924125,268604233.17734295,273175731.85975945,274427028.3700796,277312421.81028885,280370733.13923305,282993666.9708503,286389621.4047176,288829991.9441451,289671578.7140501,292546832.9239622,297933259.98499095,301051491.65899855,301999074.5969326,301111488.8177319,297574693.36796516,293503011.78659153,293664622.9527634,296414559.64332044
other metals 242,0.0,0.0,0.0,0.0,0.0,348919429.02711326,359561699.6278575,364583072.2513089,396024513.9198218,409260302.74921787,404714355.20782006,402913305.0808682,411710932.7402076,426663421.90406233,438938373.0531461,449304557.6510274,455236885.62374103,456174651.8580132,455925117.2321699,457054342.57056653,459845860.4321519,464179397.0111574,468863079.59280497,472519125.402059,475225321.53759444,479941597.489852,483534070.7280065,486346186.6037277,490949402.3371393,495791296.31836295,498223112.75327,499010078.01025486,499647019.6523831,500841822.58423394,502113208.89822006,501990145.45288193
metal products except machinery and vehicles 25,0.0,0.0,0.0,0.0,0.0,0.0,0.0,0.0,0.0,0.0,0.0,0.0,0.0,0.0,0.0,0.0,0.0,0.0,0.0,0.0,0.0,0.0,0.0,0.0,0.0,0.0,0.0,0.0,0.0,0.0,0.0,0.0,0.0,0.0,0.0,0.0
computers and electronics 26,0.0,0.0,0.0,0.0,0.0,0.0,0.0,0.0,0.0,0.0,0.0,0.0,0.0,0.0,0.0,0.0,0.0,0.0,0.0,0.0,0.0,0.0,0.0,0.0,0.0,0.0,0.0,0.0,0.0,0.0,0.0,0.0,0.0,0.0,0.0,0.0
appliances and electrical equipment 27,0.0,0.0,0.0,0.0,0.0,0.0,0.0,0.0,0.0,0.0,0.0,0.0,0.0,0.0,0.0,0.0,0.0,0.0,0.0,0.0,0.0,0.0,0.0,0.0,0.0,0.0,0.0,0.0,0.0,0.0,0.0,0.0,0.0,0.0,0.0,0.0
other machinery 28,0.0,0.0,0.0,0.0,0.0,0.0,0.0,0.0,0.0,0.0,0.0,0.0,0.0,0.0,0.0,0.0,0.0,0.0,0.0,0.0,0.0,0.0,0.0,0.0,0.0,0.0,0.0,0.0,0.0,0.0,0.0,0.0,0.0,0.0,0.0,0.0
road vehicles 29,0.0,0.0,0.0,0.0,0.0,0.0,0.0,0.0,0.0,0.0,0.0,0.0,0.0,0.0,0.0,0.0,0.0,0.0,0.0,0.0,0.0,0.0,0.0,0.0,0.0,0.0,0.0,0.0,0.0,0.0,0.0,0.0,0.0,0.0,0.0,0.0
nonroad vehicles 30,0.0,0.0,0.0,0.0,0.0,0.0,0.0,0.0,0.0,0.0,0.0,0.0,0.0,0.0,0.0,0.0,0.0,0.0,0.0,0.0,0.0,0.0,0.0,0.0,0.0,0.0,0.0,0.0,0.0,0.0,0.0,0.0,0.0,0.0,0.0,0.0
other manufacturing 31T33,0.0,0.0,0.0,0.0,0.0,102401720.85696283,103257025.83490863,112270676.63858846,122068561.63836181,120079688.93780422,116830684.50454982,115177143.9425316,114941525.5706682,115352364.59891523,117081233.63912168,119198785.37787645,121258047.85252936,124743062.55653211,127724178.31042475,130809923.88323444,133444061.59255528,135025699.455567,137056437.50302175,140029130.20291868,141855354.05179083,144596424.96946996,147271166.60107782,149534521.4198812,151326824.12246028,153090909.39153567,155131497.6540119,158665883.2771093,160869346.80639222,162779818.595882,164887279.12315845,167046813.61021933
energy pipelines and gas processing 352T353,0.0,0.0,0.0,0.0,0.0,318402163.01239276,317174081.9828408,365949691.95097715,400165124.54212457,459549121.45333576,468068156.171107,470738312.3570156,501562553.0246274,540308778.6832556,546390476.6896768,555130918.4874891,548693464.0294161,537310333.0614835,518031899.28023595,505114412.1825167,499847925.37252474,499331046.7888121,499774416.5269077,493615968.12345964,495849357.7022736,493452093.67608213,488401515.1250089,487933029.42845106,490709154.075387,493092064.92605096,495767517.1666613,497440858.28492516,494130909.1565165,492085071.2654063,494522554.49311286,500036147.9626521
water and waste 36T39,0.0,0.0,0.0,0.0,0.0,0.0,0.0,0.0,0.0,0.0,0.0,0.0,0.0,0.0,0.0,0.0,0.0,0.0,0.0,0.0,0.0,0.0,0.0,0.0,0.0,0.0,0.0,0.0,0.0,0.0,0.0,0.0,0.0,0.0,0.0,0.0
construction 41T43,0.0,0.0,0.0,0.0,0.0,0.0,0.0,0.0,0.0,0.0,0.0,0.0,0.0,0.0,0.0,0.0,0.0,0.0,0.0,0.0,0.0,0.0,0.0,0.0,0.0,0.0,0.0,0.0,0.0,0.0,0.0,0.0,0.0,0.0,0.0,0.0
