Unit: incidents / ton pollutant,2024.0,2025.0,2026.0,2027.0,2028.0,2029.0,2030.0,2031.0,2032.0,2033.0,2034.0,2035.0,2036.0,2037.0,2038.0,2039.0,2040.0,2041.0,2042.0,2043.0,2044.0,2045.0,2046.0,2047.0,2048.0,2049.0,2050.0
Premature mortality,0.000447596,0.000453335,0.000459073,0.000464811,0.00047055,0.000481604,0.000492658,0.000500099,0.00050754,0.000514981,0.000522422,0.000529863,0.000535827,0.00054179,0.000547753,0.000553717,0.00055968,0.000563099,0.000566518,0.000569937,0.000573356,0.000576775,0.000577783,0.00057879,0.000579797,0.000580805,0.000581812
Infant mortality,1.14024e-06,1.13061e-06,1.12098e-06,1.11134e-06,1.10171e-06,7.32694e-07,3.63678e-07,3.61352e-07,3.59025e-07,3.56699e-07,3.54372e-07,3.52045e-07,3.50571e-07,3.49097e-07,3.47623e-07,3.46148e-07,3.44674e-07,3.42837e-07,3.40999e-07,3.39162e-07,3.37324e-07,3.35487e-07,3.33526e-07,3.31566e-07,3.29605e-07,3.27645e-07,3.25684e-07
Asthma symptoms albuturol use,1.23004,1.24259,1.25515,1.2677,1.28025,1.29499,1.30972,1.32048,1.33123,1.34198,1.35274,1.36349,1.36816,1.37284,1.37751,1.38218,1.38686,1.39239,1.39793,1.40346,1.409,1.41454,1.42054,1.42654,1.43254,1.43854,1.44454
Asthma symptoms chest tightness,0.0,0.0,0.0,0.0,0.0,0.0,0.0,0.0,0.0,0.0,0.0,0.0,0.0,0.0,0.0,0.0,0.0,0.0,0.0,0.0,0.0,0.0,0.0,0.0,0.0,0.0,0.0
Asthma symptoms cough,0.00102088,0.00102088,0.00102088,0.00102088,0.00102088,0.00102088,0.00102088,0.00102088,0.00102088,0.00102088,0.00102088,0.00102088,0.00102088,0.00102088,0.00102088,0.00102088,0.00102088,0.00102088,0.00102088,0.00102088,0.00102088,0.00102088,0.00102088,0.00102088,0.00102088,0.00102088,0.00102088
Asthma symptoms shortness of breath,0.00137476,0.00137476,0.00137476,0.00137476,0.00137476,0.00137476,0.00137476,0.00137476,0.00137476,0.00137476,0.00137476,0.00137476,0.00137476,0.00137476,0.00137476,0.00137476,0.00137476,0.00137476,0.00137476,0.00137476,0.00137476,0.00137476,0.00137476,0.00137476,0.00137476,0.00137476,0.00137476
Asthma symptoms wheeze,0.0021004,0.0021004,0.0021004,0.0021004,0.0021004,0.0021004,0.0021004,0.0021004,0.0021004,0.0021004,0.0021004,0.0021004,0.0021004,0.0021004,0.0021004,0.0021004,0.0021004,0.0021004,0.0021004,0.0021004,0.0021004,0.0021004,0.0021004,0.0021004,0.0021004,0.0021004,0.0021004
Asthma incidence,0.00665243,0.00669691,0.00674139,0.00678586,0.00683034,0.00687062,0.0069109,0.00694429,0.00697768,0.00701107,0.00704447,0.00707786,0.0071086,0.00713935,0.00717009,0.00720084,0.00723158,0.00726093,0.00729028,0.00731963,0.00734898,0.00737833,0.00740539,0.00743244,0.00745949,0.00748654,0.00751359
Hay fever rhinitis incidence,0.0423864,0.0427776,0.0431688,0.0435599,0.0439511,0.0443798,0.0448085,0.0451345,0.0454605,0.0457865,0.0461125,0.0464384,0.0466093,0.0467801,0.046951,0.0471218,0.0472927,0.0474839,0.0476752,0.0478664,0.0480577,0.0482489,0.0484463,0.0486436,0.0488409,0.0490383,0.0492356
Respiratory emergency room visits,0.00200436,0.00202366,0.00204296,0.00206226,0.00208156,0.00210155,0.00212154,0.00214033,0.00215912,0.00217791,0.0021967,0.00221549,0.00223143,0.00224737,0.00226331,0.00227925,0.00229519,0.00230894,0.00232268,0.00233643,0.00235018,0.00236392,0.00237678,0.00238963,0.00240248,0.00241534,0.00242819
Respiratory hospital admissions,5.05821e-05,5.088e-05,5.11779e-05,5.14758e-05,5.17737e-05,5.20984e-05,5.2423e-05,5.27353e-05,5.30476e-05,5.33599e-05,5.36722e-05,5.39845e-05,5.42085e-05,5.44325e-05,5.46565e-05,5.48805e-05,5.51045e-05,5.53159e-05,5.55273e-05,5.57388e-05,5.59502e-05,5.61616e-05,5.63644e-05,5.65673e-05,5.67701e-05,5.69729e-05,5.71757e-05
Non-fatal heart attacks,0.000240759,0.000247851,0.000254943,0.000262034,0.000269126,0.000275856,0.000282587,0.000288068,0.000293549,0.00029903,0.000304511,0.000309992,0.000313606,0.00031722,0.000320835,0.000324449,0.000328064,0.000330031,0.000331998,0.000333965,0.000335932,0.000337898,0.000339409,0.00034092,0.000342431,0.000343942,0.000345453
Minor restricted activity days,0.124262,0.124575,0.124887,0.125199,0.125512,0.125963,0.126414,0.127188,0.127961,0.128735,0.129509,0.130283,0.131348,0.132414,0.133479,0.134545,0.135611,0.136703,0.137795,0.138888,0.13998,0.141073,0.142034,0.142995,0.143956,0.144917,0.145879
Work loss days,0.0209832,0.0210512,0.0211191,0.0211871,0.021255,0.0213421,0.0214291,0.0215565,0.0216838,0.0218112,0.0219385,0.0220659,0.022227,0.0223881,0.0225493,0.0227104,0.0228715,0.0230522,0.0232328,0.0234134,0.0235941,0.0237747,0.0239375,0.0241002,0.024263,0.0244257,0.0245884
Lung cancer incidence,0.000188024,0.000191739,0.000195453,0.000199168,0.000202882,0.000206819,0.000210755,0.000215015,0.000219275,0.000223535,0.000227795,0.000232055,0.00023573,0.000239405,0.000243081,0.000246756,0.000250431,0.00025239,0.000254349,0.000256309,0.000258268,0.000260228,0.000261227,0.000262226,0.000263225,0.000264224,0.000265223
Cardiovascular hospital admissions,4.68179e-05,4.82367e-05,4.96554e-05,5.10741e-05,5.24928e-05,5.38603e-05,5.52279e-05,5.64118e-05,5.75958e-05,5.87797e-05,5.99637e-05,6.11476e-05,6.19557e-05,6.27637e-05,6.35717e-05,6.43798e-05,6.51878e-05,6.56308e-05,6.60738e-05,6.65167e-05,6.69597e-05,6.74027e-05,6.77085e-05,6.80143e-05,6.83201e-05,6.86258e-05,6.89316e-05
Alzheimers disease hospital admissions,0.00132857,0.00137232,0.00141606,0.00145981,0.00150356,0.00155016,0.00159676,0.00164374,0.00169073,0.00173771,0.00178469,0.00183168,0.00186619,0.00190071,0.00193522,0.00196974,0.00200426,0.00202173,0.00203921,0.00205668,0.00207416,0.00209163,0.00209779,0.00210394,0.00211009,0.00211624,0.00212239
Parkinsons disease hospital admissions,0.000175828,0.000180485,0.000185143,0.000189801,0.000194458,0.000198396,0.000202333,0.000204957,0.00020758,0.000210204,0.000212827,0.000215451,0.000216782,0.000218113,0.000219444,0.000220775,0.000222106,0.000222884,0.000223661,0.000224438,0.000225216,0.000225993,0.000227091,0.000228189,0.000229286,0.000230384,0.000231482
Stroke incidence,0.000161919,0.000166259,0.000170598,0.000174938,0.000179278,0.000182904,0.000186531,0.000188807,0.000191083,0.00019336,0.000195636,0.000197912,0.000199028,0.000200145,0.000201261,0.000202377,0.000203493,0.000204106,0.000204718,0.000205331,0.000205943,0.000206555,0.000207587,0.000208618,0.00020965,0.000210681,0.000211713
Out of hospital cardiac arrest incidence,3.81008e-05,3.8677e-05,3.92532e-05,3.98294e-05,4.04056e-05,4.09517e-05,4.14978e-05,4.19319e-05,4.23661e-05,4.28002e-05,4.32343e-05,4.36685e-05,4.39731e-05,4.42777e-05,4.45823e-05,4.48869e-05,4.51915e-05,4.54345e-05,4.56775e-05,4.59205e-05,4.61635e-05,4.64065e-05,4.66721e-05,4.69376e-05,4.72032e-05,4.74688e-05,4.77343e-05
Cardiac emergency room visits,0.000820477,0.000835726,0.000850975,0.000866224,0.000881474,0.000896466,0.000911458,0.000926129,0.0009408,0.000955471,0.000970141,0.000984812,0.000996791,0.00100877,0.00102075,0.00103273,0.00104471,0.00105324,0.00106177,0.00107031,0.00107884,0.00108737,0.00109387,0.00110037,0.00110687,0.00111337,0.00111987
School loss days,0.0,0.0,0.0,0.0,0.0,0.0,0.0,0.0,0.0,0.0,0.0,0.0,0.0,0.0,0.0,0.0,0.0,0.0,0.0,0.0,0.0,0.0,0.0,0.0,0.0,0.0,0.0
,,,,,,,,,,,,,,,,,,,,,,,,,,,
Data for lookup functions (based on sheet name),,,,,,,,,,,,,,,,,,,,,,,,,,,
sector pollutant,electricity SO2,,,,,,,,,,,,,,,,,,,,,,,,,,
