Policy:,crop and rice measures,Unit: g CO2e,,,,,,,,,,,,,,,,,,,,,,,,,,,,,,
Lower Bound,Upper Bound,2020,2021,2022,2023,2024,2025,2026,2027,2028,2029,2030,2031,2032,2033,2034,2035,2036,2037,2038,2039,2040,2041,2042,2043,2044,2045,2046,2047,2048,2049,2050
-1150,-1100,6008440000,6122400000,6236370000,6350330000,6464300000,6578270000,7188850000,7799430000,8410020000,9020600000,9631190000,10668500000,11705700000,12743000000,13780300000,14817600000,14887200000,14956800000,15026400000,15096100000,15165700000,15167000000,15168200000,15169500000,15170800000,15172100000,15242100000,15312000000,15382000000,15452000000,15521900000
-1100,-1050,0,0,0,0,0,0,0,0,0,0,0,0,0,0,0,0,0,0,0,0,0,0,0,0,0,0,0,0,0,0,0
-1050,-1000,0,0,0,0,0,0,0,0,0,0,0,0,0,0,0,0,0,0,0,0,0,0,0,0,0,0,0,0,0,0,0
-1000,-950,0,0,0,0,0,0,0,0,0,0,0,0,0,0,0,0,73167200,146334000,219502000,292669000,365836000,292669000,219502000,146334000,73167200,0,0,0,0,0,0
-950,-900,0,0,0,0,0,0,0,0,0,0,0,0,0,0,0,0,0,0,0,0,0,0,0,0,0,0,0,0,0,0,0
-900,-850,0,0,0,0,0,0,0,0,0,0,0,100756000,201512000,302268000,403024000,503780000,403024000,302268000,201512000,100756000,0,0,0,0,0,0,0,0,0,0,0
-850,-800,0,0,0,0,0,0,0,0,0,0,0,0,0,0,0,0,0,0,0,0,0,0,0,0,0,0,0,0,0,0,0
-800,-750,0,5281940,10563900,15845800,21127700,26409700,21127700,15845800,10563900,5281940,0,0,0,0,0,0,0,0,0,0,0,0,0,0,0,0,7379930,14759900,22139800,29519700,36899600
-750,-700,26023700,20819000,15614200,10409500,5204750,0,0,0,0,0,0,7137850,14275700,21413600,28551400,35689300,33944400,32199500,30454700,28709800,26965000,21572000,16179000,10786000,5393000,0,0,0,0,0,0
-700,-650,3248290000,3365430000,3482570000,3599710000,3716850000,3833990000,3067200000,2300400000,1533600000,766799000,0,76106200,152212000,228319000,304425000,380531000,369017000,357503000,345988000,334474000,322960000,460677000,598395000,736112000,873830000,1011550000,809238000,606928000,404619000,202309000,0
-650,-600,529679000,432526000,335373000,238221000,141068000,43915600,787949000,1531980000,2276020000,3020050000,3764080000,3011270000,2258450000,1505630000,752817000,0,0,0,0,0,0,7711320,15422600,23134000,30845300,38556600,136606000,234655000,332704000,430754000,528803000
-600,-550,43273800,34619000,25964300,17309500,8654760,0,104849000,209698000,314547000,419396000,524245000,419396000,314547000,209698000,104849000,0,0,0,0,0,0,0,0,0,0,0,91357100,182714000,274071000,365428000,456785000
-550,-500,0,7583750000,15167500000,22751300000,30335000000,37918800000,30340300000,22761800000,15183400000,7604920000,26457400,21165900,15874500,10583000,5291490,0,0,0,0,0,0,0,0,0,0,0,0,0,0,0,0
-500,-450,37364600000,29891700000,22418800000,14945800000,7472920000,0,71210700,142421000,213632000,284843000,356054000,284843000,213632000,142421000,71210700,0,9099950000,18199900000,27299800000,36399800000,45499700000,36399800000,27299800000,18199900000,9099950000,0,0,0,0,0,0
-450,-400,389576000,390731000,391887000,393042000,394198000,395353000,8781030000,17166700000,25552400000,33938100000,42323700000,33859000000,25394200000,16929500000,8464750000,0,0,0,0,0,0,8979690000,17959400000,26939100000,35918800000,44898500000,35918800000,26939100000,17959400000,8979690000,0
-400,-350,0,0,0,0,0,0,0,0,0,0,0,8678630000,17357300000,26035900000,34714500000,43393100000,34714500000,26035900000,17357300000,8678630000,0,0,0,0,0,0,8133340000,16266700000,24400000000,32533400000,40666700000
-350,-300,2302540000,2309370000,2316200000,2323030000,2329860000,2336690000,1869350000,1402020000,934677000,467338000,0,344001000,688002000,1032000000,1376000000,1720010000,38148800000,74577600000,111006000000,147435000000,183864000000,183767000000,183670000000,183573000000,183476000000,183379000000,235442000000,287504000000,339566000000,391629000000,443691000000
-300,-250,180883000000,181419000000,181956000000,182492000000,183029000000,183565000000,183865000000,184165000000,184465000000,184765000000,185065000000,183150000000,181234000000,179319000000,177404000000,175489000000,194981000000,214473000000,233965000000,253457000000,272949000000,274209000000,275469000000,276729000000,277989000000,279249000000,223761000000,168273000000,112785000000,57296500000,1808300000
-250,-200,0,52305300000,104611000000,156916000000,209221000000,261527000000,261941000000,262355000000,262769000000,263184000000,263598000000,264654000000,265709000000,266765000000,267821000000,268877000000,215102000000,161326000000,107551000000,53775400000,0,0,0,0,0,0,35516600,71033100,106550000,142066000,177583000
-200,-150,257705000000,206164000000,154623000000,103082000000,51540900000,0,0,0,0,0,0,46501400,93002800,139504000,186006000,232507000,225232000,217958000,210683000,203408000,196134000,203193000,210252000,217312000,224371000,231430000,889214000,1547000000,2204780000,2862570000,3520350000
-150,-100,202159000,202758000,203358000,203958000,204557000,205157000,204115000,203072000,202030000,200988000,199946000,159957000,119968000,79978400,39989200,0,9048650,18097300,27145900,36194600,45243200,36194600,27145900,18097300,9048650,0,0,0,0,0,0
-100,-90,0,0,0,0,0,0,0,0,0,0,0,0,0,0,0,0,0,0,0,0,0,0,0,0,0,0,0,0,0,0,0
-90,-80,0,0,0,0,0,0,0,0,0,0,0,0,0,0,0,0,0,0,0,0,0,0,0,0,0,0,0,0,0,0,0
-80,-70,0,0,0,0,0,0,0,0,0,0,0,0,0,0,0,0,0,0,0,0,0,619040000,1238080000,1857120000,2476160000,3095200000,3039190000,2983180000,2927170000,2871170000,2815160000
-70,-60,0,0,0,0,0,0,0,0,0,0,0,0,0,0,0,0,629778000,1259560000,1889340000,2519110000,3148890000,2519110000,1889340000,1259560000,629778000,0,0,0,0,0,0
-60,-50,0,0,0,0,0,0,0,0,0,0,0,622826000,1245650000,1868480000,2491300000,3114130000,2898160000,2682190000,2466220000,2250250000,2034270000,1627420000,1220560000,813710000,406855000,0,483080000,966159000,1449240000,1932320000,2415400000
-50,-40,0,0,0,0,0,0,0,0,0,0,0,0,0,0,0,0,802869000,1605740000,2408610000,3211480000,4014350000,3211480000,2408610000,1605740000,802869000,0,0,0,0,0,0
-40,-30,0,0,0,0,0,0,696803000,1393610000,2090410000,2787210000,3484020000,3309940000,3135860000,2961780000,2787700000,2613620000,2090900000,1568170000,1045450000,522725000,0,0,0,0,0,0,0,0,0,0,0
-30,-20,3521710000,3532150000,3542600000,3553040000,3563490000,3573940000,2907050000,2240160000,1573270000,906378000,239489000,191591000,143693000,95795400,47897700,0,44794700,89589400,134384000,179179000,223973000,179179000,134384000,89589400,44794700,0,0,0,0,0,0
-20,-10,0,0,0,0,0,0,0,0,0,0,0,0,0,0,0,0,0,0,0,0,0,0,0,0,0,0,0,0,0,0,0
-10,0,0,0,0,0,0,0,0,0,0,0,0,0,0,0,0,0,0,0,0,0,0,45730600,91461300,137192000,182923000,228653000,182923000,137192000,91461300,45730600,0
0,0,0,0,0,0,0,0,0,0,0,0,0,0,0,0,0,0,0,0,0,0,0,0,0,0,0,0,0,0,0,0,0
0.1,10,230397000,231081000,231764000,232448000,233131000,233814000,187051000,140289000,93525700,46762900,0,0,0,0,0,0,0,0,0,0,0,0,0,0,0,0,0,0,0,0,0
10,20,2663430000,2671330000,2679230000,2687130000,2695030000,2702930000,2162350000,1621760000,1081170000,540587000,0,46018200,92036500,138055000,184073000,230091000,184073000,138055000,92036500,46018200,0,774406000,1548810000,2323220000,3097630000,3872030000,3141490000,2410950000,1680420000,949877000,219339000
20,30,0,0,0,0,0,0,0,0,0,0,0,0,0,0,0,0,0,0,0,0,0,0,0,0,0,0,0,0,0,0,0
30,40,158310000000,126648000000,94986200000,63324100000,31662100000,0,0,0,0,0,0,0,0,0,0,0,0,0,0,0,0,0,0,0,0,0,0,0,0,0,0
40,50,245052000,32377400000,64509700000,96642100000,128774000000,160907000000,128778000000,96648900000,64519900000,32390900000,261987000,209590000,157192000,104795000,52397400,0,0,0,0,0,0,0,0,0,0,0,0,0,0,0,0
50,60,0,0,0,0,0,0,0,0,0,0,0,0,0,0,0,0,0,0,0,0,0,0,0,0,0,0,0,0,0,0,0
60,70,0,0,0,0,0,0,0,0,0,0,0,52545400,105091000,157636000,210182000,262727000,261060000,259393000,257726000,256060000,254393000,203514000,152636000,101757000,50878500,0,0,0,0,0,0
70,80,0,0,0,0,0,0,0,0,0,0,0,0,0,0,0,0,0,0,0,0,0,56615500,113231000,169847000,226462000,283078000,280456000,277834000,275212000,272590000,269968000
80,90,0,0,0,0,0,0,0,0,0,0,0,0,0,0,0,0,0,0,0,0,0,30180100000,60360300000,90540400000,120721000000,150901000000,149512000000,148123000000,146734000000,145345000000,143956000000
90,100,0,3328100000,6656210000,9984310000,13312400000,16640500000,48018100000,79395700000,110773000000,142151000000,173529000000,168901000000,164273000000,159646000000,155018000000,150390000000,154612000000,158834000000,163056000000,167278000000,171500000000,137200000000,102900000000,68599900000,34300000000,0,0,0,0,0,0
100,150,410655000000,367974000000,325293000000,282612000000,239931000000,197250000000,199994000000,202738000000,205482000000,208226000000,210970000000,171221000000,131473000000,91724000000,51975500000,12227000000,9781560000,7336170000,4890780000,2445390000,0,0,0,0,0,0,3169930000,6339850000,9509780000,12679700000,15849600000
150,200,0,43899100000,87798200000,131697000000,175596000000,219496000000,184321000000,149147000000,113972000000,78797800000,43623400000,86951600000,130280000000,173608000000,216936000000,260265000000,262532000000,264799000000,267067000000,269334000000,271602000000,274414000000,277227000000,280039000000,282852000000,285664000000,280241000000,274819000000,269396000000,263974000000,258551000000
200,250,33488800000,33588100000,33687400000,33786700000,33886100000,33985400000,27188300000,20391200000,13594200000,6797080000,0,41992300000,83984600000,125977000000,167969000000,209961000000,167969000000,125977000000,83984600000,41992300000,0,23673600,47347100,71020700,94694300,118368000,94694300,71020700,47347100,23673600,0
250,300,16397300000,13117900000,9838410000,6558940000,3279470000,0,43248500000,86497000000,129746000000,172994000000,216243000000,172994000000,129746000000,86497000000,43248500000,0,43179800000,86359700000,129539000000,172719000000,215899000000,172719000000,129539000000,86359700000,43179800000,0,0,0,0,0,0
300,350,0,0,0,0,0,0,0,0,0,0,0,0,0,0,0,0,0,0,0,0,0,41020900000,82041800000,123063000000,164084000000,205105000000,203595000000,202086000000,200577000000,199068000000,197558000000
350,400,4489250000,3591400000,2693550000,1795700000,897851000,0,0,0,0,0,0,0,0,0,0,0,0,0,0,0,0,0,0,0,0,0,0,0,0,0,0
400,450,86187500000,69861200000,53534800000,37208500000,20882200000,4555830000,4492300000,4428770000,4365240000,4301710000,4238180000,3393210000,2548250000,1703280000,858313000,13346200,10677000,8007750,5338500,2669250,0,0,0,0,0,0,0,0,0,0,0
450,500,0,17493100000,34986300000,52479400000,69972600000,87465700000,87350700000,87235700000,87120700000,87005700000,86890700000,69518400000,52146100000,34773800000,17401500000,29177100,23341700,17506300,11670900,5835430,0,0,0,0,0,0,0,0,0,0,0
500,550,0,0,0,0,0,0,0,0,0,0,0,0,0,0,0,0,0,0,0,0,0,0,0,0,0,0,0,0,0,0,0
550,600,0,0,0,0,0,0,0,0,0,0,0,16109100000,32218200000,48327400000,64436500000,80545600000,64436500000,48327400000,32218200000,16109100000,0,0,0,0,0,0,0,0,0,0,0
600,650,0,0,0,0,0,0,5116740,10233500,15350200,20467000,25583700,20467000,15350200,10233500,5116740,0,16791700000,33583500000,50375200000,67167000000,83958700000,67172200000,50385700000,33599100000,16812600000,26016100,20812900,15609700,10406500,5203230,0
650,700,29322600,29409500,29496500,29583500,29670400,29757400,23805900,17854500,11903000,5951480,0,0,0,0,0,0,5005820,10011600,15017500,20023300,25029100,20023300,15017500,10011600,5005820,0,4789370,9578740,14368100,19157500,23946800
700,750,0,0,0,0,0,0,0,0,0,0,0,0,0,0,0,0,0,0,0,0,0,17172400000,34344800000,51517300000,68689700000,85862100000,68689700000,51517300000,34344800000,17172400000,0
750,800,0,0,0,0,0,0,0,0,0,0,0,0,0,0,0,0,0,0,0,0,0,0,0,0,0,0,0,0,0,0,0
800,850,20899300,16719400,12539600,8359710,4179860,0,0,0,0,0,0,0,0,0,0,0,3180500,6360990,9541490,12722000,15902500,12722000,9541490,6360990,3180500,0,15434200000,30868400000,46302600000,61736800000,77171000000
850,900,0,4241840,8483690,12725500,16967400,21209200,16967400,12725500,8483690,4241840,0,0,0,0,0,0,0,0,0,0,0,0,0,0,0,0,0,0,0,0,0
900,950,0,0,0,0,0,0,0,0,0,0,0,0,0,0,0,0,0,0,0,0,0,7749620,15499200,23248900,30998500,38748100,30998500,23248900,15499200,7749620,0
950,1000,0,0,0,0,0,0,0,0,0,0,0,1723560,3447110,5170670,6894230,8617780,6894230,5170670,3447110,1723560,0,0,0,0,0,0,0,0,0,0,0
1000,1050,0,0,0,0,0,0,1796890,3593780,5390670,7187560,8984450,7187560,5390670,3593780,1796890,0,0,0,0,0,0,0,0,0,0,0,1748950,3497900,5246840,6995790,8744740
1050,1100,0,0,0,0,0,0,3683370,7366740,11050100,14733500,18416800,14733500,11050100,7366740,3683370,0,0,0,0,0,0,0,0,0,0,0,0,0,0,0,0
1100,1150,12115400000,9692310000,7269240000,4846160000,2423080000,0,0,0,0,0,0,5035850,10071700,15107500,20143400,25179200,24667800,24156400,23645000,23133700,22622300,18097800,13573400,9048900,4524450,0,0,0,0,0,0
1150,1200,0,2459010000,4918030000,7377040000,9836060000,12295100000,9836060000,7377040000,4918030000,2459010000,0,0,0,0,0,0,0,0,0,0,0,0,0,0,0,0,0,0,0,0,0
1200,1250,6934900,5547920,4160940,2773960,1386980,0,0,0,0,0,0,0,0,0,0,0,0,0,0,0,0,0,0,0,0,0,0,0,0,0,0
1250,1300,0,0,0,0,0,0,0,0,0,0,0,0,0,0,0,0,1674970,3349940,5024910,6699880,8374850,6699880,5024910,3349940,1674970,0,0,0,0,0,0
1300,1350,0,1407550,2815100,4222650,5630200,7037750,5630200,4222650,2815100,1407550,0,0,0,0,0,0,0,0,0,0,0,0,0,0,0,0,0,0,0,0,0
1350,1400,0,0,0,0,0,0,0,0,0,0,0,0,0,0,0,0,0,0,0,0,0,0,0,0,0,0,0,0,0,0,0
1400,1450,0,0,0,0,0,0,0,0,0,0,0,0,0,0,0,0,0,0,0,0,0,0,0,0,0,0,0,0,0,0,0
1450,1500,0,0,0,0,0,0,0,0,0,0,0,174953000,349906000,524859000,699812000,874765000,699812000,524859000,349906000,174953000,0,0,0,0,0,0,0,0,0,0,0
1500,1550,12468400,9974690,7481010,4987340,2493670,0,0,0,0,0,0,0,0,0,0,0,0,0,0,0,0,139129000,278258000,417387000,556516000,695645000,556516000,417387000,278258000,139129000,0
1550,1600,16641300000,16693200000,16745100000,16797000000,16848900000,16900700000,19134500000,21368200000,23602000000,25835700000,28069400000,27838000000,27606500000,27375000000,27143500000,26912000000,27405200000,27898400000,28391600000,28884800000,29378000000,29183600000,28989200000,28794900000,28600500000,28406200000,28173500000,27940800000,27708100000,27475500000,27242800000
